Molecule,SMILES,Global: Rot Bonds,Csp2 Count,Fsp3 Count,Osp2 Count,Osp3 Count,Hs Count,Global: bo 1.0,bo 1.0 Csp2-Fsp3,bo 1.0 Hs-Osp3,Global: bo 2.0,bo 2.0 Csp2-Osp2,Csp3 Count,bo 1.0 Csp3-Fsp3,bo 1.0 Csp2-Csp2,bo 1.0 Csp3-Csp3,bo 1.0 Csp2-Hs,bo 2.0 Csp2-Csp2,Csp2-Csp2-Csp3-Fsp3 Torsional Axes,Fsp3-Csp3-Csp2-Hs Torsional Axes,Csp2-Csp2-Csp3-Csp3 Torsional Axes,Csp3-Csp3-Csp2-Hs Torsional Axes,Csp3-Csp3-Csp3-Fsp3 Torsional Axes,Fsp3-Csp3-Csp3-Fsp3 Torsional Axes,Csp2-Csp3-Csp3-Csp3 Torsional Axes,Csp2-Csp3-Csp3-Fsp3 Torsional Axes,Csp3-Csp3-Csp3-Csp3 Torsional Axes,Global: Torsional Axes,bo 2.0 Osp2-Osp2,bo 1.0 Csp2-Osp2,bo 1.0 Hs-Osp2,Csp3-Csp3-Csp2-Osp2 Torsional Axes,Fsp3-Csp3-Csp2-Osp2 Torsional Axes,Csp3-Csp2-Osp2-Hs Torsional Axes,Hs-Osp2-Csp2-Osp2 Torsional Axes,bo 1.0 Csp3-Osp3,Csp3-Csp3-Csp3-Osp3 Torsional Axes,Fsp3-Csp3-Csp3-Osp3 Torsional Axes,Csp3-Csp3-Osp3-Csp3 Torsional Axes,Csp3-Osp3-Csp3-Fsp3 Torsional Axes,Csp2-Csp3-Osp3-Csp3 Torsional Axes,Osp2-Csp2-Csp3-Osp3 Torsional Axes,bo 1.0 Csp3-Hs,Fsp3-Csp3-Csp3-Hs Torsional Axes,Csp3-Csp3-Csp3-Hs Torsional Axes,Csp2-Csp3-Csp3-Hs Torsional Axes,Hs-Csp3-Csp3-Hs Torsional Axes,Hs-Csp3-Csp2-Osp2 Torsional Axes,Csp3-Csp3-Csp2-Fsp3 Torsional Axes,Fsp3-Csp2-Csp3-Fsp3 Torsional Axes,Hs-Csp2-Osp2-Hs Torsional Axes,bo 1.0 Csp3-Osp2,Csp3-Csp3-Csp3-Osp2 Torsional Axes,Fsp3-Csp3-Csp3-Osp2 Torsional Axes,Csp3-Osp2-Csp2-Osp2 Torsional Axes,Csp2-Osp2-Csp3-Csp3 Torsional Axes,Csp2-Osp2-Csp3-Fsp3 Torsional Axes,Csp3-Csp3-Osp3-Hs Torsional Axes,Fsp3-Csp3-Osp3-Hs Torsional Axes,Fsp3-Csp2-Osp2-Hs Torsional Axes,Hs-Csp3-Csp3-Osp3 Torsional Axes,Hs-Csp3-Osp3-Hs Torsional Axes,Csp Count,bo 2.0 Csp-Osp2,bo 1.0 Osp3-Osp3,Csp3-Csp3-Osp3-Osp3 Torsional Axes,Fsp3-Csp3-Osp3-Osp3 Torsional Axes,bo 1.0 Fsp3-Hs,Csp3-Csp2-Osp2-Csp3 Torsional Axes,Csp3-Osp3-Csp3-Osp2 Torsional Axes,Hs-Osp3-Csp3-Osp3 Torsional Axes,Osp3-Csp3-Csp3-Osp3 Torsional Axes,Csp3-Osp3-Csp3-Osp3 Torsional Axes,Fsp3-Csp2-Csp3-Osp3 Torsional Axes,Csp3-Osp3-Csp3-Hs Torsional Axes,a0,a1,a2,a3,a4,H_f_0K,S_300K 
52_heptene,C=CC(F)(F)C(F)(F)C(F)(F)C(F)(F)C(F)(F)F,4,2,11,0,0,3,19,0,0,1,0,5,11,1,4,3,1,2,2,1,1,13,18,1,2,2,42,0,0,0,0,0,0,0,0,0,0,0,0,0,0,0,0,0,0,0,0,0,0,0,0,0,0,0,0,0,0,0,0,0,0,0,0,0,0,0,0,0,0,0,0,0,0,0,8.7437,0.23752,-0.00022295,9.8925e-08,-1.6728e-11,0.0,134.24
1_octane,O=C(O)C(F)(F)C(F)(F)C(F)(F)C(F)(F)C(F)(F)C(F)(F)C(F)(F)F,6,1,15,2,0,1,24,0,0,1,1,7,15,0,7,0,0,0,0,0,0,21,26,1,2,4,62,0,1,1,2,4,1,1,0,0,0,0,0,0,0,0,0,0,0,0,0,0,0,0,0,0,0,0,0,0,0,0,0,0,0,0,0,0,0,0,0,0,0,0,0,0,0,0,14.415,0.31312,-0.00030747,1.4e-07,2.41e-11,-824.72,165.64
frd_903,O=C(O)[C@](F)(OC(F)(F)C(F)(F)C(F)(F)F)C(F)(F)F,4,1,11,2,1,1,19,0,0,1,1,5,11,1,3,0,0,0,0,0,0,5,13,0,3,0,41,0,1,1,2,2,1,1,2,1,5,2,3,1,2,0,0,0,0,0,0,0,0,0,0,0,0,0,0,0,0,0,0,0,0,0,0,0,0,0,0,0,0,0,0,0,0,0,10.06,0.25241,-0.00024666,1.12e-07,-1.92e-11,0.0,143.52
23_ftca,O=C(O)CCC(F)(F)C(F)(F)F,3,1,5,2,0,5,15,0,0,1,1,4,5,1,3,0,0,0,0,0,0,5,6,1,0,1,35,0,1,1,2,0,1,1,0,0,0,0,0,0,0,4,4,4,2,4,4,0,0,0,0,0,0,0,0,0,0,0,0,0,0,0,0,0,0,0,0,0,0,0,0,0,0,0,3.8371,0.16677,-0.00013893,5.6652e-08,-9.0007e-12,0.0,110.95
42rh,CCC(F)(F)C(F)(F)C(F)(F)C(F)(F)F,4,0,9,0,0,5,19,0,0,0,0,6,9,0,5,0,0,0,0,0,0,13,14,0,0,3,45,0,0,0,0,0,0,0,0,0,0,0,0,0,0,5,4,5,0,6,0,0,0,0,0,0,0,0,0,0,0,0,0,0,0,0,0,0,0,0,0,0,0,0,0,0,0,0,7.3155,0.20246,-0.0001746,7.3015e-08,-1.1831e-11,0.0,121.66
pfocof,O=C(F)C(F)(F)C(F)(F)C(F)(F)C(F)(F)C(F)(F)C(F)(F)F,5,1,14,1,0,0,20,1,0,1,1,6,13,0,6,0,0,0,0,0,0,17,22,1,2,3,51,0,0,0,1,2,0,0,0,0,0,0,0,0,0,0,0,0,0,0,0,1,2,0,0,0,0,0,0,0,0,0,0,0,0,0,0,0,0,0,0,0,0,0,0,0,0,0,14.079,0.26393,-0.00026002,1.1838e-07,-2.0328e-11,0.0,151.88
butane,FC(F)(F)C(F)(F)C(F)(F)C(F)(F)F,1,0,10,0,0,0,13,0,0,0,0,4,10,0,3,0,0,0,0,0,0,10,16,0,0,1,27,0,0,0,0,0,0,0,0,0,0,0,0,0,0,0,0,0,0,0,0,0,0,0,0,0,0,0,0,0,0,0,0,0,0,0,0,0,0,0,0,0,0,0,0,0,0,0,8.0151,0.16889,-0.00016744,7.65e-08,-1.32e-11,-516.57,112.543919
cho2h,O=CO,0,1,0,2,0,2,3,0,0,1,1,0,0,0,0,1,0,0,0,0,0,0,0,0,0,0,2,0,1,1,0,0,0,1,0,0,0,0,0,0,0,0,0,0,0,0,0,0,0,1,0,0,0,0,0,0,0,0,0,0,0,0,0,0,0,0,0,0,0,0,0,0,0,0,3.6706,0.02813,-1.58e-05,4.02e-09,-3.26e-13,-88.67,59.346
1_propane,O=C(O)OC(F)(F)C(F)(F)C(F)(F)F,2,1,7,3,0,1,13,0,0,1,1,3,7,0,2,0,0,0,0,0,0,5,10,0,0,0,25,0,2,1,0,0,0,2,0,0,0,0,0,0,0,0,0,0,0,0,0,0,0,0,1,1,2,2,1,2,0,0,0,0,0,0,0,0,0,0,0,0,0,0,0,0,0,0,5.734,0.12156,-0.00011689,5.28e-08,-9.03e-12,-331.96,96.214
pfhpoh,OC(F)(F)C(F)(F)C(F)(F)C(F)(F)C(F)(F)C(F)(F)C(F)(F)F,6,0,15,0,1,1,23,0,1,0,0,7,15,0,6,0,0,0,0,0,0,21,26,0,0,4,57,0,0,0,0,0,0,0,1,1,2,0,0,0,0,0,0,0,0,0,0,0,0,0,0,0,0,0,0,0,1,2,0,0,0,0,0,0,0,0,0,0,0,0,0,0,0,0,13.374,0.29174,-0.00028895,1.3238e-07,-2.2849e-11,0.0,155.32
chfo2,O=C(O)F,0,1,1,2,0,1,3,1,0,1,1,0,0,0,0,0,0,0,0,0,0,0,0,0,0,0,2,0,1,1,0,0,0,1,0,0,0,0,0,0,0,0,0,0,0,0,0,0,0,0,0,0,0,0,0,0,0,0,1,0,0,0,0,0,0,0,0,0,0,0,0,0,0,0,2.7681,0.043835,-3.97e-05,1.74e-08,-2.95e-12,0.0,63.927
2_octene,F/C(=C(/F)C(F)(F)C(F)(F)C(F)(F)C(F)(F)C(F)(F)F)C(F)(F)F,4,2,16,0,0,0,22,2,0,1,0,6,14,1,5,0,1,5,0,1,0,13,18,1,2,2,48,0,0,0,0,0,0,0,0,0,0,0,0,0,0,0,0,0,0,0,0,1,5,0,0,0,0,0,0,0,0,0,0,0,0,0,0,0,0,0,0,0,0,0,0,0,0,0,14.264,0.29254,-0.00028888,1.32e-07,-2.26e-11,-771.62,162.83
pfprcof,O=C(F)C(F)(F)C(F)(F)F,1,1,6,1,0,0,8,1,0,1,1,2,5,0,2,0,0,0,0,0,0,0,6,0,3,0,15,0,0,0,1,2,0,0,0,0,0,0,0,0,0,0,0,0,0,0,0,1,2,0,0,0,0,0,0,0,0,0,0,0,0,0,0,0,0,0,0,0,0,0,0,0,0,0,7.0146,0.1111,-0.00010808,4.883e-08,-8.3445e-12,0.0,95.561
pfpal,O=C(F)C(F)(F)C(F)(F)F,1,1,6,1,0,0,8,1,0,1,1,2,5,0,2,0,0,0,0,0,0,0,6,0,3,0,15,0,0,0,1,2,0,0,0,0,0,0,0,0,0,0,0,0,0,0,0,1,2,0,0,0,0,0,0,0,0,0,0,0,0,0,0,0,0,0,0,0,0,0,0,0,0,0,6.9898,0.11121,-0.00010823,4.89e-08,-8.36e-12,-329.38,95.557
62ftoh,OCCC(F)(F)C(F)(F)C(F)(F)C(F)(F)C(F)(F)C(F)(F)F,7,0,13,0,1,5,26,0,1,0,0,8,13,0,7,0,0,0,0,0,0,21,22,0,0,5,66,0,0,0,0,0,0,0,1,1,0,0,0,0,0,4,4,4,0,4,0,0,0,0,0,0,0,0,0,0,1,0,0,2,2,0,0,0,0,0,0,0,0,0,0,0,0,0,12.145,0.2893,-0.00026063,1.1217e-07,-1.8532e-11,0.0,156.24
21_propene,C=C(F)C(F)(F)F,0,2,4,0,0,2,7,1,0,1,0,1,3,1,0,2,1,3,0,0,0,0,0,0,0,0,6,0,0,0,0,0,0,0,0,0,0,0,0,0,0,0,0,0,0,0,0,0,3,0,0,0,0,0,0,0,0,0,0,0,0,0,0,0,0,0,0,0,0,0,0,0,0,0,2.3416,0.09432,-8.6552e-05,3.8156e-08,-6.4503e-12,0.0,80.045
pfpeoh,OC(F)(F)C(F)(F)C(F)(F)C(F)(F)C(F)(F)F,4,0,11,0,1,1,17,0,1,0,0,5,11,0,4,0,0,0,0,0,0,13,18,0,0,2,39,0,0,0,0,0,0,0,1,1,2,0,0,0,0,0,0,0,0,0,0,0,0,0,0,0,0,0,0,0,1,2,0,0,0,0,0,0,0,0,0,0,0,0,0,0,0,0,9.9632,0.21492,-0.00021246,9.7329e-08,-1.6804e-11,0.0,127.54
pentane,FC(F)(F)C(F)(F)C(F)(F)C(F)(F)C(F)(F)F,2,0,12,0,0,0,16,0,0,0,0,5,12,0,4,0,0,0,0,0,0,14,20,0,0,2,36,0,0,0,0,0,0,0,0,0,0,0,0,0,0,0,0,0,0,0,0,0,0,0,0,0,0,0,0,0,0,0,0,0,0,0,0,0,0,0,0,0,0,0,0,0,0,0,9.7925,0.20703,-0.00020533,9.38e-08,-1.61e-11,-615.05,126.598051
1_pentane,O=C(O)C(F)(F)C(F)(F)C(F)(F)C(F)(F)F,3,1,9,2,0,1,15,0,0,1,1,4,9,0,4,0,0,0,0,0,0,9,14,1,2,1,35,0,1,1,2,4,1,1,0,0,0,0,0,0,0,0,0,0,0,0,0,0,0,0,0,0,0,0,0,0,0,0,0,0,0,0,0,0,0,0,0,0,0,0,0,0,0,0,9.2229,0.19813,-0.00019306,8.77e-08,-1.5e-11,-529.33,123.69
c3f6o2_1st,[O]OC(F)(F)[C](F)C(F)(F)F,2,0,6,0,2,0,10,0,0,0,0,3,6,0,2,0,0,0,0,0,0,5,5,0,0,0,15,0,0,0,0,0,0,0,1,1,1,0,0,0,0,0,0,0,0,0,0,0,0,0,0,0,0,0,0,0,0,0,0,0,0,0,0,1,1,2,0,0,0,0,0,0,0,0,8.4398,0.12567,-0.00012458,5.69e-08,-9.78e-12,0.0,106.04
c7_secondary_rad,F[C](C(F)(F)F)C(F)(F)C(F)(F)C(F)(F)C(F)(F)C(F)(F)F,4,0,15,0,0,0,21,0,0,0,0,7,15,0,6,0,0,0,0,0,0,21,23,0,0,4,48,0,0,0,0,0,0,0,0,0,0,0,0,0,0,0,0,0,0,0,0,0,0,0,0,0,0,0,0,0,0,0,0,0,0,0,0,0,0,0,0,0,0,0,0,0,0,0,14.118,0.26726,-0.0002651,1.21e-07,-2.08e-11,-710.8,157.13
1H_dodecane,FC(F)C(F)(F)C(F)(F)C(F)(F)C(F)(F)C(F)(F)C(F)(F)C(F)(F)C(F)(F)C(F)(F)C(F)(F)C(F)(F)F,10,0,25,0,0,1,37,0,0,0,0,12,25,0,11,0,0,0,0,0,0,41,46,0,0,9,99,0,0,0,0,0,0,0,0,0,0,0,0,0,0,1,2,1,0,0,0,0,0,0,0,0,0,0,0,0,0,0,0,0,0,0,0,0,0,0,0,0,0,0,0,0,0,0,21.372,0.46396,-0.00045395,2.0568e-07,-3.519e-11,0.0,220.31
c4_secondary_rad,F[C](C(F)(F)F)C(F)(F)C(F)(F)F,1,0,9,0,0,0,12,0,0,0,0,4,9,0,3,0,0,0,0,0,0,9,11,0,0,1,21,0,0,0,0,0,0,0,0,0,0,0,0,0,0,0,0,0,0,0,0,0,0,0,0,0,0,0,0,0,0,0,0,0,0,0,0,0,0,0,0,0,0,0,0,0,0,0,8.7357,0.153,-0.00015161,6.92e-08,-1.19e-11,-417.63,113.918165
c4f9H_secondary,F[C@@H](C(F)(F)F)C(F)(F)C(F)(F)F,1,0,9,0,0,1,13,0,0,0,0,4,9,0,3,0,0,0,0,0,0,9,11,0,0,1,27,0,0,0,0,0,0,0,0,0,0,0,0,0,0,1,5,1,0,0,0,0,0,0,0,0,0,0,0,0,0,0,0,0,0,0,0,0,0,0,0,0,0,0,0,0,0,0,6.6609,0.16006,-0.00015202,6.75e-08,-1.14e-11,-457.83,107.67
2_hexene,F/C(=C(/F)C(F)(F)C(F)(F)C(F)(F)F)C(F)(F)F,2,2,12,0,0,0,16,2,0,1,0,4,10,1,3,0,1,5,0,1,0,5,10,1,2,0,30,0,0,0,0,0,0,0,0,0,0,0,0,0,0,0,0,0,0,0,0,1,5,0,0,0,0,0,0,0,0,0,0,0,0,0,0,0,0,0,0,0,0,0,0,0,0,0,10.874,0.21558,-0.0002122,9.65e-08,-1.66e-11,-575.6,135.25
1_heptane,O=C(O)C(F)(F)C(F)(F)C(F)(F)C(F)(F)C(F)(F)C(F)(F)F,5,1,13,2,0,1,21,0,0,1,1,6,13,0,6,0,0,0,0,0,0,17,22,1,2,3,53,0,1,1,2,4,1,1,0,0,0,0,0,0,0,0,0,0,0,0,0,0,0,0,0,0,0,0,0,0,0,0,0,0,0,0,0,0,0,0,0,0,0,0,0,0,0,0,12.695,0.27476,-0.00026931,1.23e-07,-2.11e-11,-726.25,151.7
51_hexene,C=C(F)C(F)(F)C(F)(F)C(F)(F)C(F)(F)F,3,2,10,0,0,2,16,1,0,1,0,4,9,0,4,2,1,2,0,1,0,9,14,1,2,1,33,0,0,0,0,0,0,0,0,0,0,0,0,0,0,0,0,0,0,0,0,1,2,0,0,0,0,0,0,0,0,0,0,0,0,0,0,0,0,0,0,0,0,0,0,0,0,0,7.6842,0.20856,-0.00019992,8.9987e-08,-1.5373e-11,0.0,124.02
pfbcof,O=C(F)C(F)(F)C(F)(F)C(F)(F)F,2,1,8,1,0,0,11,1,0,1,1,3,7,1,2,0,0,0,0,0,0,5,10,1,2,0,24,0,0,0,1,2,0,0,0,0,0,0,0,0,0,0,0,0,0,0,0,1,2,0,0,0,0,0,0,0,0,0,0,0,0,0,0,0,0,0,0,0,0,0,0,0,0,0,8.7874,0.14927,-0.00014601,6.6193e-08,-1.1336e-11,0.0,109.98
1H_ethane,FC(F)C(F)(F)F,0,0,5,0,0,1,7,0,0,0,0,2,5,0,1,0,0,0,0,0,0,0,6,0,0,0,9,0,0,0,0,0,0,0,0,0,0,0,0,0,0,1,3,0,0,0,0,0,0,0,0,0,0,0,0,0,0,0,0,0,0,0,0,0,0,0,0,0,0,0,0,0,0,0,4.1218,0.080399,-7.2144e-05,3.0713e-08,-5.0126e-12,0.0,79.742
pfhxa,O=C(O)C(F)(F)C(F)(F)C(F)(F)C(F)(F)C(F)(F)F,4,1,11,2,0,1,18,0,0,1,1,5,11,0,5,0,0,0,0,0,0,13,18,1,2,2,44,0,1,1,2,4,1,1,0,0,0,0,0,0,0,0,0,0,0,0,0,0,0,0,0,0,0,0,0,0,0,0,0,0,0,0,0,0,0,0,0,0,0,0,0,0,0,0,10.972,0.23642,-0.00023116,1.0511e-07,-1.8056e-11,0.0,137.72
cfo2h,O=C(O)F,0,1,1,2,0,1,3,1,0,1,1,0,0,0,0,0,0,0,0,0,0,0,0,0,0,0,2,0,1,1,0,0,0,1,0,0,0,0,0,0,0,0,0,0,0,0,0,0,0,0,0,0,0,0,0,0,0,0,1,0,0,0,0,0,0,0,0,0,0,0,0,0,0,0,2.562,0.043465,-3.85e-05,1.66e-08,-2.75e-12,-147.28,63.717
pentane1H,FC(F)C(F)(F)C(F)(F)C(F)(F)C(F)(F)F,3,0,11,0,0,1,16,0,0,0,0,5,11,0,4,0,0,0,0,0,0,13,18,0,0,2,36,0,0,0,0,0,0,0,0,0,0,0,0,0,0,1,2,1,0,0,0,0,0,0,0,0,0,0,0,0,0,0,0,0,0,0,0,0,0,0,0,0,0,0,0,0,0,0,9.373,0.19517,-0.00018633,8.3e-08,-1.4e-11,-556.45,123.18
hexene,FC(F)=C(F)C(F)(F)C(F)(F)C(F)(F)C(F)(F)F,3,2,12,0,0,0,16,3,0,1,0,4,9,1,3,0,1,2,0,1,0,9,14,1,2,1,33,0,0,0,0,0,0,0,0,0,0,0,0,0,0,0,0,0,0,0,0,1,2,0,0,0,0,0,0,0,0,0,0,0,0,0,0,0,0,0,0,0,0,0,0,0,0,0,11.802,0.21282,-0.00020922,9.51e-08,-1.63e-11,-567.5,134.2
pfpra,O=C(O)C(F)(F)C(F)(F)F,1,1,5,2,0,1,9,0,0,1,1,2,5,0,2,0,0,0,0,0,0,0,6,0,3,0,17,0,1,1,2,4,1,1,0,0,0,0,0,0,0,0,0,0,0,0,0,0,0,0,0,0,0,0,0,0,0,0,0,0,0,0,0,0,0,0,0,0,0,0,0,0,0,0,5.7283,0.12156,-0.00011688,5.2758e-08,-9.0306e-12,0.0,96.243
cf3cfoh,O[C](F)C(F)(F)F,1,0,4,0,1,1,7,0,1,0,0,2,4,0,1,0,0,0,0,0,0,0,3,0,0,0,8,0,0,0,0,0,0,0,1,0,3,0,0,0,0,0,0,0,0,0,0,0,0,0,0,0,0,0,0,0,1,1,0,0,0,0,0,0,0,0,0,0,0,0,0,0,0,0,5.4323,0.083676,-8.14e-05,3.71e-08,-6.4e-12,-231.88,83.107
c2f4_oh,OC(F)(F)[C](F)F,2,0,4,0,1,1,7,0,1,0,0,2,4,0,1,0,0,0,0,0,0,0,4,0,0,0,9,0,0,0,0,0,0,0,1,0,2,0,0,0,0,0,0,0,0,0,0,0,0,0,0,0,0,0,0,0,1,2,0,0,0,0,0,0,0,0,0,0,0,0,0,0,0,0,5.5231,0.083345,-8.1e-05,3.69e-08,-6.35e-12,-210.36,24.195
c6_secondary_rad,F[C](C(F)(F)F)C(F)(F)C(F)(F)C(F)(F)C(F)(F)F,3,0,13,0,0,0,18,0,0,0,0,6,13,0,5,0,0,0,0,0,0,17,19,0,0,3,39,0,0,0,0,0,0,0,0,0,0,0,0,0,0,0,0,0,0,0,0,0,0,0,0,0,0,0,0,0,0,0,0,0,0,0,0,0,0,0,0,0,0,0,0,0,0,0,12.314,0.22917,-0.00022726,1.04e-07,-1.79e-11,-613.03,142.85
tfa,O=C(O)C(F)(F)F,0,1,3,2,0,1,6,0,0,1,1,1,3,1,0,0,0,0,0,0,0,0,0,0,0,0,8,0,1,1,0,6,1,1,0,0,0,0,0,0,0,0,0,0,0,0,0,0,0,0,0,0,0,0,0,0,0,0,0,0,0,0,0,0,0,0,0,0,0,0,0,0,0,0,3.9462,0.08361,-7.93e-05,3.56e-08,-6.09e-12,-250.52,80.676
c6f13oh,OC(F)(F)C(F)(F)C(F)(F)C(F)(F)C(F)(F)C(F)(F)F,5,0,13,0,1,1,20,0,1,0,0,6,13,0,5,0,0,0,0,0,0,17,22,0,0,3,48,0,0,0,0,0,0,0,1,1,2,0,0,0,0,0,0,0,0,0,0,0,0,0,0,0,0,0,0,0,1,2,0,0,0,0,0,0,0,0,0,0,0,0,0,0,0,0,11.677,0.2534,-0.00025085,1.15e-07,-1.98e-11,-705.78,141.33
c4_rad,F[C](F)C(F)(F)C(F)(F)C(F)(F)F,2,0,9,0,0,0,12,0,0,0,0,4,9,0,3,0,0,0,0,0,0,9,14,0,0,1,24,0,0,0,0,0,0,0,0,0,0,0,0,0,0,0,0,0,0,0,0,0,0,0,0,0,0,0,0,0,0,0,0,0,0,0,0,0,0,0,0,0,0,0,0,0,0,0,8.816,0.15248,-0.00015088,6.88e-08,-1.18e-11,-409.98,114.89
c2f4h2o_prod,OC(F)(F)C(F)F,2,0,4,0,1,2,8,0,1,0,0,2,4,0,1,0,0,0,0,0,0,0,4,0,0,0,12,0,0,0,0,0,0,0,1,0,2,0,0,0,0,1,2,0,0,0,0,0,0,0,0,0,0,0,0,0,1,2,0,1,0,0,0,0,0,0,0,0,0,0,0,0,0,0,4.0754,0.088753,-7.97e-05,3.44e-08,-5.7e-12,-264.63,80.947
c5f11oh,OC(F)(F)C(F)(F)C(F)(F)C(F)(F)C(F)(F)F,4,0,11,0,1,1,17,0,1,0,0,5,11,0,4,0,0,0,0,0,0,13,18,0,0,2,39,0,0,0,0,0,0,0,1,1,2,0,0,0,0,0,0,0,0,0,0,0,0,0,0,0,0,0,0,0,1,2,0,0,0,0,0,0,0,0,0,0,0,0,0,0,0,0,10.013,0.21486,-0.00021245,9.73e-08,-1.68e-11,-608.21,127.61
pfpnal,O=C(F)C(F)(F)C(F)(F)C(F)(F)C(F)(F)F,3,1,10,1,0,0,14,1,0,1,1,4,9,0,4,0,0,0,0,0,0,9,14,1,2,1,33,0,0,0,1,2,0,0,0,0,0,0,0,0,0,0,0,0,0,0,0,1,2,0,0,0,0,0,0,0,0,0,0,0,0,0,0,0,0,0,0,0,0,0,0,0,0,0,10.555,0.18749,-0.00018403,8.36e-08,-1.43e-11,-526.63,123.47
pfoa,O=C(O)C(F)(F)C(F)(F)C(F)(F)C(F)(F)C(F)(F)C(F)(F)C(F)(F)F,6,1,15,2,0,1,24,0,0,1,1,7,15,1,6,0,0,0,0,0,0,21,26,1,2,4,62,0,1,1,2,4,1,1,0,0,0,0,0,0,0,0,0,0,0,0,0,0,0,0,0,0,0,0,0,0,0,0,0,0,0,0,0,0,0,0,0,0,0,0,0,0,0,0,14.427,0.3131,-0.00030747,1.4007e-07,-2.4083e-11,0.0,165.67
heptene,FC(F)=C(F)C(F)(F)C(F)(F)C(F)(F)C(F)(F)C(F)(F)F,4,2,14,0,0,0,19,3,0,1,0,5,11,0,5,0,1,2,0,1,0,13,18,1,2,2,42,0,0,0,0,0,0,0,0,0,0,0,0,0,0,0,0,0,0,0,0,1,2,0,0,0,0,0,0,0,0,0,0,0,0,0,0,0,0,0,0,0,0,0,0,0,0,0,13.372,0.25169,-0.00024804,1.13e-07,-1.94e-11,-665.26,147.34
ester,O=C(OC(F)(F)C(F)(F)C(F)(F)F)C(F)(F)F,2,1,10,2,0,0,15,0,0,1,1,4,10,0,3,0,0,0,0,0,0,5,10,0,0,0,29,0,1,0,0,6,0,0,0,0,0,0,0,0,0,0,0,0,0,0,0,0,0,0,1,1,2,1,1,2,0,0,0,0,0,0,0,0,0,0,0,1,0,0,0,0,0,0,9.7623,0.20242,-0.00019772,8.94e-08,-1.53e-11,0.0,131.11
c2f4o,O=C(F)C(F)(F)F,0,1,4,1,0,0,5,1,0,1,1,1,3,1,0,0,0,0,0,0,0,0,0,0,0,0,6,0,0,0,0,3,0,0,0,0,0,0,0,0,0,0,0,0,0,0,0,0,3,0,0,0,0,0,0,0,0,0,0,0,0,0,0,0,0,0,0,0,0,0,0,0,0,0,5.197,0.073191,-7.0516e-05,3.1674e-08,-5.393e-12,-246.94,79.899
1H_butane,FC(F)C(F)(F)C(F)(F)C(F)(F)F,2,0,9,0,0,1,13,0,0,0,0,4,9,0,3,0,0,0,0,0,0,9,14,0,0,1,27,0,0,0,0,0,0,0,0,0,0,0,0,0,0,1,2,1,0,0,0,0,0,0,0,0,0,0,0,0,0,0,0,0,0,0,0,0,0,0,0,0,0,0,0,0,0,0,7.3837,0.15771,-0.00014929,6.615e-08,-1.1138e-11,0.0,108.5
61_heptene,C=C(F)C(F)(F)C(F)(F)C(F)(F)C(F)(F)C(F)(F)F,4,2,12,0,0,2,19,1,0,1,0,5,11,1,4,2,1,2,0,1,0,13,18,1,2,2,42,0,0,0,0,0,0,0,0,0,0,0,0,0,0,0,0,0,0,0,0,1,2,0,0,0,0,0,0,0,0,0,0,0,0,0,0,0,0,0,0,0,0,0,0,0,0,0,9.3318,0.24725,-0.00023855,1.0773e-07,-1.8439e-11,0.0,137.79
c2f5oh,OC(F)(F)C(F)(F)F,1,0,5,0,1,1,8,0,1,0,0,2,5,0,1,0,0,0,0,0,0,0,6,0,0,0,12,0,0,0,0,0,0,0,1,0,3,0,0,0,0,0,0,0,0,0,0,0,0,0,0,0,0,0,0,0,1,2,0,0,0,0,0,0,0,0,0,0,0,0,0,0,0,0,4.7496,0.1002,-9.85e-05,4.52e-08,-7.83e-12,-315.65,84.634
c5_rad,F[C](F)C(F)(F)C(F)(F)C(F)(F)C(F)(F)F,3,0,11,0,0,0,15,0,0,0,0,5,11,0,4,0,0,0,0,0,0,13,18,0,0,2,33,0,0,0,0,0,0,0,0,0,0,0,0,0,0,0,0,0,0,0,0,0,0,0,0,0,0,0,0,0,0,0,0,0,0,0,0,0,0,0,0,0,0,0,0,0,0,0,12.509,0.1821,-0.00017635,7.89e-08,-1.33e-11,-507.44,124.440708
pfhxoh,OC(F)(F)C(F)(F)C(F)(F)C(F)(F)C(F)(F)C(F)(F)F,5,0,13,0,1,1,20,0,1,0,0,6,13,0,5,0,0,0,0,0,0,17,22,0,0,3,48,0,0,0,0,0,0,0,1,1,2,0,0,0,0,0,0,0,0,0,0,0,0,0,0,0,0,0,0,0,1,2,0,0,0,0,0,0,0,0,0,0,0,0,0,0,0,0,11.626,0.25346,-0.00025086,1.1494e-07,-1.9843e-11,0.0,141.24
cf3ccf2,FC(F)=[C]C(F)(F)F,0,2,5,0,0,0,6,2,0,1,0,1,3,0,1,0,1,3,0,0,0,0,0,0,0,0,3,0,0,0,0,0,0,0,0,0,0,0,0,0,0,0,0,0,0,0,0,0,0,0,0,0,0,0,0,0,0,0,0,0,0,0,0,0,0,0,0,0,0,0,0,0,0,0,10.973,0.071301,-6.68e-05,2.93e-08,-4.92e-12,-160.82,90.468
frd_903_0HFAts_prod_minusHF,O=C1O[C@]1(OC(F)(F)C(F)(F)C(F)(F)F)C(F)(F)F,3,1,10,2,1,0,18,0,0,1,1,5,10,1,3,0,0,0,0,0,0,5,10,0,3,0,33,0,1,0,0,0,0,0,2,1,5,2,2,1,0,0,0,0,0,0,0,0,0,0,1,0,3,0,0,0,0,0,0,0,0,0,0,0,0,0,0,0,1,0,0,0,0,0,9.2867,0.23195,-0.00022741,1.03e-07,-1.77e-11,0.0,138.47
1_octane_c8_rad,F[C](F)C(F)(F)C(F)(F)C(F)(F)C(F)(F)C(F)(F)C(F)(F)C(F)(F)F,6,0,17,0,0,0,24,0,0,0,0,8,17,0,7,0,0,0,0,0,0,25,30,0,0,5,60,0,0,0,0,0,0,0,0,0,0,0,0,0,0,0,0,0,0,0,0,0,0,0,0,0,0,0,0,0,0,0,0,0,0,0,0,0,0,0,0,0,0,0,0,0,0,0,15.505,0.30662,-0.00030447,1.39e-07,-2.4e-11,-800.34,166.66
pfooh,OC(F)(F)C(F)(F)C(F)(F)C(F)(F)C(F)(F)C(F)(F)C(F)(F)C(F)(F)F,7,0,17,0,1,1,26,0,1,0,0,8,17,0,7,0,0,0,0,0,0,25,30,0,0,5,66,0,0,0,0,0,0,0,1,1,2,0,0,0,0,0,0,0,0,0,0,0,0,0,0,0,0,0,0,0,1,2,0,0,0,0,0,0,0,0,0,0,0,0,0,0,0,0,14.773,0.33121,-0.00032852,1.5062e-07,-2.6011e-11,0.0,168.24
pfeoh,OC(F)(F)C(F)(F)F,1,0,5,0,1,1,8,0,1,0,0,2,5,0,1,0,0,0,0,0,0,0,6,0,0,0,12,0,0,0,0,0,0,0,1,0,3,0,0,0,0,0,0,0,0,0,0,0,0,0,0,0,0,0,0,0,1,2,0,0,0,0,0,0,0,0,0,0,0,0,0,0,0,0,4.6897,0.10029,-9.858e-05,4.5231e-08,-7.8324e-12,0.0,84.567
52rh,CCC(F)(F)C(F)(F)C(F)(F)C(F)(F)C(F)(F)F,5,0,11,0,0,5,22,0,0,0,0,7,11,0,6,0,0,0,0,0,0,17,18,0,0,4,54,0,0,0,0,0,0,0,0,0,0,0,0,0,0,5,4,5,0,6,0,0,0,0,0,0,0,0,0,0,0,0,0,0,0,0,0,0,0,0,0,0,0,0,0,0,0,0,9.1028,0.24061,-0.00021253,9.0373e-08,-1.4822e-11,0.0,135.87
1H_hexane,FC(F)C(F)(F)C(F)(F)C(F)(F)C(F)(F)C(F)(F)F,4,0,13,0,0,1,19,0,0,0,0,6,13,0,5,0,0,0,0,0,0,17,22,0,0,3,45,0,0,0,0,0,0,0,0,0,0,0,0,0,0,1,2,1,0,0,0,0,0,0,0,0,0,0,0,0,0,0,0,0,0,0,0,0,0,0,0,0,0,0,0,0,0,0,10.97,0.23395,-0.00022503,1.008e-07,-1.7106e-11,0.0,136.86
62rh,CCC(F)(F)C(F)(F)C(F)(F)C(F)(F)C(F)(F)C(F)(F)F,6,0,13,0,0,5,25,0,0,0,0,8,13,0,7,0,0,0,0,0,0,21,22,0,0,5,63,0,0,0,0,0,0,0,0,0,0,0,0,0,0,5,4,5,0,6,0,0,0,0,0,0,0,0,0,0,0,0,0,0,0,0,0,0,0,0,0,0,0,0,0,0,0,0,10.821,0.279,-0.00025075,1.0789e-07,-1.7842e-11,0.0,149.64
22ftoh,OCCC(F)(F)C(F)(F)F,3,0,5,0,1,5,14,0,1,0,0,4,5,0,3,0,0,0,0,0,0,5,6,0,0,1,30,0,0,0,0,0,0,0,1,1,0,0,0,0,0,4,4,4,0,4,0,0,0,0,0,0,0,0,0,0,1,0,0,2,2,0,0,0,0,0,0,0,0,0,0,0,0,0,5.3206,0.13602,-0.00010839,4.2523e-08,-6.5343e-12,0.0,100.02
cfoh3,OC(O)(O)F,3,0,1,0,3,3,7,0,3,0,0,1,1,0,0,0,0,0,0,0,0,0,0,0,0,0,9,0,0,0,0,0,0,0,3,0,0,0,0,0,0,0,0,0,0,0,0,0,0,0,0,0,0,0,0,0,0,3,0,0,0,0,0,0,0,0,0,0,0,6,0,0,0,0,2.55,0.079268,-7.59e-05,3.52e-08,-6.19e-12,-207.12,71.934
cooh2,O=C(O)O,0,1,0,3,0,2,4,0,0,1,1,0,0,0,0,0,0,0,0,0,0,0,0,0,0,0,4,0,2,2,0,0,0,4,0,0,0,0,0,0,0,0,0,0,0,0,0,0,0,0,0,0,0,0,0,0,0,0,0,0,0,0,0,0,0,0,0,0,0,0,0,0,0,0,1.5339,0.053254,-4.67e-05,2.02e-08,-3.39e-12,-145.57,64.209
1_butane,O=C(O)C(F)(F)C(F)(F)C(F)(F)F,2,1,7,2,0,1,12,0,0,1,1,3,7,1,2,0,0,0,0,0,0,5,10,1,2,0,26,0,1,1,2,4,1,1,0,0,0,0,0,0,0,0,0,0,0,0,0,0,0,0,0,0,0,0,0,0,0,0,0,0,0,0,0,0,0,0,0,0,0,0,0,0,0,0,7.4932,0.15978,-0.00015489,7.02e-08,-1.2e-11,-430.68,110.04
1H_propane,FC(F)C(F)(F)C(F)(F)F,1,0,7,0,0,1,10,0,0,0,0,3,7,0,2,0,0,0,0,0,0,5,10,0,0,0,18,0,0,0,0,0,0,0,0,0,0,0,0,0,0,1,2,1,0,0,0,0,0,0,0,0,0,0,0,0,0,0,0,0,0,0,0,0,0,0,0,0,0,0,0,0,0,0,5.93,0.11846,-0.00010999,4.806e-08,-8.0068e-12,0.0,95.578
n_octane_twisted,FC(F)(F)C(F)(F)C(F)(F)C(F)(F)C(F)(F)C(F)(F)C(F)(F)C(F)(F)F,5,0,18,0,0,0,25,0,0,0,0,8,18,0,7,0,0,0,0,0,0,26,32,0,0,5,63,0,0,0,0,0,0,0,0,0,0,0,0,0,0,0,0,0,0,0,0,0,0,0,0,0,0,0,0,0,0,0,0,0,0,0,0,0,0,0,0,0,0,0,0,0,0,0,14.412,0.32398,-0.00032223,1.48e-07,-2.54e-11,-909.28,166.526512
c4f9oh,OC(F)(F)C(F)(F)C(F)(F)C(F)(F)F,3,0,9,0,1,1,14,0,1,0,0,4,9,0,3,0,0,0,0,0,0,9,14,0,0,1,30,0,0,0,0,0,0,0,1,1,2,0,0,0,0,0,0,0,0,0,0,0,0,0,0,0,0,0,0,0,1,2,0,0,0,0,0,0,0,0,0,0,0,0,0,0,0,0,8.3241,0.17634,-0.00017406,7.97e-08,-1.38e-11,-510.19,113.68
cf2o_2h2oprod,O.OC(O)(F)F,2,0,2,0,3,4,8,0,4,0,0,1,2,0,0,0,0,0,0,0,0,0,0,0,0,0,6,0,0,0,0,0,0,0,2,0,0,0,0,0,0,0,0,0,0,0,0,0,0,0,0,0,0,0,0,0,0,4,0,0,0,0,0,0,0,0,0,0,0,2,0,0,0,0,8.1811,0.088948,-8.59e-05,4.05e-08,-7.26e-12,-295.56,88.046
32ftoh,OCCC(F)(F)C(F)(F)C(F)(F)F,4,0,7,0,1,5,17,0,1,0,0,5,7,0,4,0,0,0,0,0,0,9,10,0,0,2,39,0,0,0,0,0,0,0,1,1,0,0,0,0,0,4,4,4,0,4,0,0,0,0,0,0,0,0,0,0,1,0,0,2,2,0,0,0,0,0,0,0,0,0,0,0,0,0,7.1538,0.17364,-0.00014538,5.9317e-08,-9.4119e-12,0.0,118.37
butene_OH,OC(F)(F)[C](F)C(F)(F)C(F)(F)F,3,0,8,0,1,1,13,0,1,0,0,4,8,0,3,0,0,0,0,0,0,8,10,0,0,1,24,0,0,0,0,0,0,0,1,1,1,0,0,0,0,0,0,0,0,0,0,0,0,0,0,0,0,0,0,0,1,2,0,0,0,0,0,0,0,0,0,0,0,0,0,0,0,0,8.959,0.16092,-0.00015895,7.29e-08,-1.26e-11,-419.97,44.901
pfhpa,O=C(O)C(F)(F)C(F)(F)C(F)(F)C(F)(F)C(F)(F)C(F)(F)F,5,1,13,2,0,1,21,0,0,1,1,6,13,1,5,0,0,0,0,0,0,17,22,1,2,3,53,0,1,1,2,4,1,1,0,0,0,0,0,0,0,0,0,0,0,0,0,0,0,0,0,0,0,0,0,0,0,0,0,0,0,0,0,0,0,0,0,0,0,0,0,0,0,0,12.704,0.27473,-0.00026927,1.2256e-07,-2.1063e-11,0.0,151.73
hexane1H,FC(F)C(F)(F)C(F)(F)C(F)(F)C(F)(F)C(F)(F)F,4,0,13,0,0,1,19,0,0,0,0,6,13,0,5,0,0,0,0,0,0,17,22,0,0,3,45,0,0,0,0,0,0,0,0,0,0,0,0,0,0,1,2,1,0,0,0,0,0,0,0,0,0,0,0,0,0,0,0,0,0,0,0,0,0,0,0,0,0,0,0,0,0,0,10.96,0.23396,-0.00022504,1.01e-07,-1.71e-11,-654.01,136.85
1H_decane,FC(F)C(F)(F)C(F)(F)C(F)(F)C(F)(F)C(F)(F)C(F)(F)C(F)(F)C(F)(F)C(F)(F)F,8,0,21,0,0,1,31,0,0,0,0,10,21,0,9,0,0,0,0,0,0,33,38,0,0,7,81,0,0,0,0,0,0,0,0,0,0,0,0,0,0,1,2,1,0,0,0,0,0,0,0,0,0,0,0,0,0,0,0,0,0,0,0,0,0,0,0,0,0,0,0,0,0,0,17.974,0.38707,-0.00037737,1.7058e-07,-2.9135e-11,0.0,193.25
71_octene,C=C(F)C(F)(F)C(F)(F)C(F)(F)C(F)(F)C(F)(F)C(F)(F)F,5,2,14,0,0,2,22,1,0,1,0,6,13,1,5,2,1,2,0,1,0,17,22,1,2,3,51,0,0,0,0,0,0,0,0,0,0,0,0,0,0,0,0,0,0,0,0,1,2,0,0,0,0,0,0,0,0,0,0,0,0,0,0,0,0,0,0,0,0,0,0,0,0,0,11.221,0.28505,-0.00027604,1.2486e-07,-2.1385e-11,0.0,152.36
heptane,FC(F)(F)C(F)(F)C(F)(F)C(F)(F)C(F)(F)C(F)(F)C(F)(F)F,4,0,16,0,0,0,22,0,0,0,0,7,16,0,6,0,0,0,0,0,0,22,28,0,0,4,54,0,0,0,0,0,0,0,0,0,0,0,0,0,0,0,0,0,0,0,0,0,0,0,0,0,0,0,0,0,0,0,0,0,0,0,0,0,0,0,0,0,0,0,0,0,0,0,13.078,0.28431,-0.00028241,1.29e-07,-2.22e-11,-811.67,153.808976
hexane,FC(F)(F)C(F)(F)C(F)(F)C(F)(F)C(F)(F)C(F)(F)F,3,0,14,0,0,0,19,0,0,0,0,6,14,0,5,0,0,0,0,0,0,18,24,0,0,3,45,0,0,0,0,0,0,0,0,0,0,0,0,0,0,0,0,0,0,0,0,0,0,0,0,0,0,0,0,0,0,0,0,0,0,0,0,0,0,0,0,0,0,0,0,0,0,0,11.36,0.24597,-0.00024426,1.1171e-07,-1.9232e-11,-713.26,139.81
32rh,CCC(F)(F)C(F)(F)C(F)(F)F,3,0,7,0,0,5,16,0,0,0,0,5,7,0,4,0,0,0,0,0,0,9,10,0,0,2,36,0,0,0,0,0,0,0,0,0,0,0,0,0,0,5,4,5,0,6,0,0,0,0,0,0,0,0,0,0,0,0,0,0,0,0,0,0,0,0,0,0,0,0,0,0,0,0,5.7499,0.1636,-0.00013583,5.521e-08,-8.7559e-12,0.0,108.8
c2f3_o,O=C(F)[C](F)F,1,1,3,1,0,0,4,1,0,1,1,1,2,0,1,0,0,0,0,0,0,0,0,0,0,0,4,0,0,0,0,2,0,0,0,0,0,0,0,0,0,0,0,0,0,0,0,0,2,0,0,0,0,0,0,0,0,0,0,0,0,0,0,0,0,0,0,0,0,0,0,0,0,0,7.1063,0.052812,-4.91e-05,2.15e-08,-3.61e-12,-146.25,76.899
43_ftca,O=C(O)CCC(F)(F)C(F)(F)C(F)(F)C(F)(F)F,5,1,9,2,0,5,21,0,0,1,1,6,9,0,6,0,0,0,0,0,0,13,14,1,0,3,53,0,1,1,2,0,1,1,0,0,0,0,0,0,0,4,4,4,2,4,4,0,0,0,0,0,0,0,0,0,0,0,0,0,0,0,0,0,0,0,0,0,0,0,0,0,0,0,7.2844,0.24349,-0.00021528,9.162e-08,-1.5028e-11,0.0,140.15
1H_pentane,FC(F)C(F)(F)C(F)(F)C(F)(F)C(F)(F)F,3,0,11,0,0,1,16,0,0,0,0,5,11,0,4,0,0,0,0,0,0,13,18,0,0,2,36,0,0,0,0,0,0,0,0,0,0,0,0,0,0,1,2,1,0,0,0,0,0,0,0,0,0,0,0,0,0,0,0,0,0,0,0,0,0,0,0,0,0,0,0,0,0,0,9.3716,0.19518,-0.00018634,8.3041e-08,-1.4038e-11,0.0,123.17
c3f7oh,OC(F)(F)C(F)(F)C(F)(F)F,2,0,7,0,1,1,11,0,1,0,0,3,7,0,2,0,0,0,0,0,0,5,10,0,0,0,21,0,0,0,0,0,0,0,1,1,2,0,0,0,0,0,0,0,0,0,0,0,0,0,0,0,0,0,0,0,1,2,0,0,0,0,0,0,0,0,0,0,0,0,0,0,0,0,6.8733,0.13708,-0.0001347,6.16e-08,-1.06e-11,-412.21,101.53
propene,FC(F)=C(F)C(F)(F)F,0,2,6,0,0,0,7,3,0,1,0,1,3,0,1,0,1,3,0,0,0,0,0,0,0,0,6,0,0,0,0,0,0,0,0,0,0,0,0,0,0,0,0,0,0,0,0,0,3,0,0,0,0,0,0,0,0,0,0,0,0,0,0,0,0,0,0,0,0,0,0,0,0,0,6.3689,0.09903,-9.65e-05,4.37e-08,-7.48e-12,-264.42,89.765305
butane1H,FC(F)C(F)(F)C(F)(F)C(F)(F)F,2,0,9,0,0,1,13,0,0,0,0,4,9,0,3,0,0,0,0,0,0,9,14,0,0,1,27,0,0,0,0,0,0,0,0,0,0,0,0,0,0,1,2,1,0,0,0,0,0,0,0,0,0,0,0,0,0,0,0,0,0,0,0,0,0,0,0,0,0,0,0,0,0,0,7.3881,0.1577,-0.00014927,6.61e-08,-1.11e-11,-458.61,108.51
cfoh_cis,O[C]F,1,0,1,0,1,1,3,0,1,0,0,1,1,0,0,0,0,0,0,0,0,0,0,0,0,0,1,0,0,0,0,0,0,0,1,0,0,0,0,0,0,0,0,0,0,0,0,0,0,0,0,0,0,0,0,0,0,1,0,0,0,0,0,0,0,0,0,0,0,0,0,0,0,0,3.9553,0.027276,-2.21e-05,8.77e-09,-1.35e-12,-159.77,59.289
1_hexane,O=C(O)C(F)(F)C(F)(F)C(F)(F)C(F)(F)C(F)(F)F,4,1,11,2,0,1,18,0,0,1,1,5,11,1,4,0,0,0,0,0,0,13,18,1,2,2,44,0,1,1,2,4,1,1,0,0,0,0,0,0,0,0,0,0,0,0,0,0,0,0,0,0,0,0,0,0,0,0,0,0,0,0,0,0,0,0,0,0,0,0,0,0,0,0,10.971,0.23643,-0.00023117,1.05e-07,-1.81e-11,-627.8,137.71
32_pentene,C=CC(F)(F)C(F)(F)C(F)(F)F,2,2,7,0,0,3,13,0,0,1,0,3,7,0,3,3,1,2,2,1,1,5,10,1,2,0,24,0,0,0,0,0,0,0,0,0,0,0,0,0,0,0,0,0,0,0,0,0,0,0,0,0,0,0,0,0,0,0,0,0,0,0,0,0,0,0,0,0,0,0,0,0,0,0,5.0985,0.1614,-0.00014732,6.4332e-08,-1.0771e-11,0.0,105.83
butene_2OH,O[C@](F)([C](F)F)C(F)(F)C(F)(F)F,3,0,8,0,1,1,13,0,1,0,0,4,8,0,3,0,0,0,0,0,0,8,10,0,0,1,27,0,0,0,0,0,0,0,1,1,4,0,0,0,0,0,0,0,0,0,0,0,0,0,0,0,0,0,0,0,2,1,0,0,0,0,0,0,0,0,0,0,0,0,0,0,0,0,8.3784,0.16198,-0.00015979,7.32e-08,-1.27e-11,-414.97,44.591
c2f5,F[C](F)C(F)(F)F,0,0,5,0,0,0,6,0,0,0,0,2,5,0,1,0,0,0,0,0,0,0,6,0,0,0,6,0,0,0,0,0,0,0,0,0,0,0,0,0,0,0,0,0,0,0,0,0,0,0,0,0,0,0,0,0,0,0,0,0,0,0,0,0,0,0,0,0,0,0,0,0,0,0,5.8156,0.073558,-7.11e-05,3.18e-08,-5.36e-12,-213.0,81.437321
e1_minusH,F[C](OC(F)(F)C(F)(F)C(F)(F)F)C(F)(F)F,3,0,11,0,1,0,16,0,0,0,0,5,11,0,3,0,0,0,0,0,0,5,13,0,0,0,29,0,0,0,0,0,0,0,2,1,5,2,3,0,0,0,0,0,0,0,0,0,0,0,0,0,0,0,0,0,0,0,0,0,0,0,0,0,0,0,0,0,0,0,0,0,0,0,9.656,0.20642,-0.00020377,9.27e-08,-1.59e-11,0.0,134.41
c3f6o2_ring,FC(F)(F)[C@@]1(F)OOC1(F)F,0,0,6,0,2,0,11,0,0,0,0,3,6,0,2,0,0,0,0,0,0,3,3,0,0,0,9,0,0,0,0,0,0,0,2,0,3,0,0,0,0,0,0,0,0,0,0,0,0,0,0,0,0,0,0,0,0,0,0,0,0,0,0,1,0,0,0,0,0,0,0,0,0,0,4.2387,0.13347,-0.00013031,5.87e-08,-9.98e-12,0.0,95.386
53_ftca,O=C(O)CCC(F)(F)C(F)(F)C(F)(F)C(F)(F)C(F)(F)F,6,1,11,2,0,5,24,0,0,1,1,7,11,0,7,0,0,0,0,0,0,17,18,1,0,4,62,0,1,1,2,0,1,1,0,0,0,0,0,0,0,4,4,4,2,4,4,0,0,0,0,0,0,0,0,0,0,0,0,0,0,0,0,0,0,0,0,0,0,0,0,0,0,0,8.896,0.28228,-0.00025402,1.0942e-07,-1.8104e-11,0.0,153.89
c3f7,F[C](F)C(F)(F)C(F)(F)F,1,0,7,0,0,0,9,0,0,0,0,3,7,0,2,0,0,0,0,0,0,5,10,0,0,0,15,0,0,0,0,0,0,0,0,0,0,0,0,0,0,0,0,0,0,0,0,0,0,0,0,0,0,0,0,0,0,0,0,0,0,0,0,0,0,0,0,0,0,0,0,0,0,0,7.0521,0.11421,-0.00011277,5.1348,-8.8107e-12,-312.05,96.762
butene,FC(F)=C(F)C(F)(F)C(F)(F)F,1,2,8,0,0,0,10,3,0,1,0,2,5,0,2,0,1,2,0,1,0,0,6,0,3,0,15,0,0,0,0,0,0,0,0,0,0,0,0,0,0,0,0,0,0,0,0,1,2,0,0,0,0,0,0,0,0,0,0,0,0,0,0,0,0,0,0,0,0,0,0,0,0,0,8.2447,0.13653,-0.00013345,6.05e-08,-1.04e-11,-371.81,104.398839
c8_secondary_rad,F[C](C(F)(F)F)C(F)(F)C(F)(F)C(F)(F)C(F)(F)C(F)(F)C(F)(F)F,5,0,17,0,0,0,24,0,0,0,0,8,17,0,7,0,0,0,0,0,0,25,27,0,0,5,57,0,0,0,0,0,0,0,0,0,0,0,0,0,0,0,0,0,0,0,0,0,0,0,0,0,0,0,0,0,0,0,0,0,0,0,0,0,0,0,0,0,0,0,0,0,0,0,15.714,0.30607,-0.00030385,1.39e-07,-2.39e-11,-917.28,170.93
42ftoh,OCCC(F)(F)C(F)(F)C(F)(F)C(F)(F)F,5,0,9,0,1,5,20,0,1,0,0,6,9,0,5,0,0,0,0,0,0,13,14,0,0,3,48,0,0,0,0,0,0,0,1,1,0,0,0,0,0,4,4,4,0,4,0,0,0,0,0,0,0,0,0,0,1,0,0,2,2,0,0,0,0,0,0,0,0,0,0,0,0,0,8.7226,0.21248,-0.00018413,7.7108e-08,-1.2484e-11,0.0,128.55
pfbal,O=C(F)C(F)(F)C(F)(F)C(F)(F)F,2,1,8,1,0,0,11,1,0,1,1,3,7,0,3,0,0,0,0,0,0,5,10,1,2,0,24,0,0,0,1,2,0,0,0,0,0,0,0,0,0,0,0,0,0,0,0,1,2,0,0,0,0,0,0,0,0,0,0,0,0,0,0,0,0,0,0,0,0,0,0,0,0,0,8.7828,0.1493,-0.00014605,6.62e-08,-1.13e-11,-427.98,109.8
pfboh,OC(F)(F)C(F)(F)C(F)(F)C(F)(F)F,3,0,9,0,1,1,14,0,1,0,0,4,9,0,3,0,0,0,0,0,0,9,14,0,0,1,30,0,0,0,0,0,0,0,1,1,2,0,0,0,0,0,0,0,0,0,0,0,0,0,0,0,0,0,0,0,1,2,0,0,0,0,0,0,0,0,0,0,0,0,0,0,0,0,8.2726,0.1764,-0.00017407,7.9713e-08,-1.3763e-11,0.0,113.59
cf3oh,OC(F)(F)F,0,0,3,0,1,1,5,0,1,0,0,1,3,0,0,0,0,0,0,0,0,0,0,0,0,0,3,0,0,0,0,0,0,0,1,0,0,0,0,0,0,0,0,0,0,0,0,0,0,0,0,0,0,0,0,0,0,3,0,0,0,0,0,0,0,0,0,0,0,0,0,0,0,0,2.5913,0.063256,-6.19e-05,2.85e-08,-4.94e-12,-211.99,69.302
c5_secondary_rad,F[C](C(F)(F)F)C(F)(F)C(F)(F)C(F)(F)F,2,0,11,0,0,0,15,0,0,0,0,5,11,0,4,0,0,0,0,0,0,13,15,0,0,2,30,0,0,0,0,0,0,0,0,0,0,0,0,0,0,0,0,0,0,0,0,0,0,0,0,0,0,0,0,0,0,0,0,0,0,0,0,0,0,0,0,0,0,0,0,0,0,0,10.623,0.19066,-0.00018888,8.62e-08,-1.48e-11,-515.44,129.45
62_octene,C=CC(F)(F)C(F)(F)C(F)(F)C(F)(F)C(F)(F)C(F)(F)F,5,2,13,0,0,3,22,0,0,1,0,6,13,1,5,3,1,2,2,1,1,17,22,1,2,3,51,0,0,0,0,0,0,0,0,0,0,0,0,0,0,0,0,0,0,0,0,0,0,0,0,0,0,0,0,0,0,0,0,0,0,0,0,0,0,0,0,0,0,0,0,0,0,0,10.416,0.27604,-0.00026132,1.1652e-07,-1.9764e-11,0.0,147.99
1H_undecane,FC(F)C(F)(F)C(F)(F)C(F)(F)C(F)(F)C(F)(F)C(F)(F)C(F)(F)C(F)(F)C(F)(F)C(F)(F)F,9,0,23,0,0,1,34,0,0,0,0,11,23,0,10,0,0,0,0,0,0,37,42,0,0,8,90,0,0,0,0,0,0,0,0,0,0,0,0,0,0,1,2,1,0,0,0,0,0,0,0,0,0,0,0,0,0,0,0,0,0,0,0,0,0,0,0,0,0,0,0,0,0,0,19.677,0.42541,-0.00041548,1.8802e-07,-3.214e-11,0.0,206.63
33_ftca,O=C(O)CCC(F)(F)C(F)(F)C(F)(F)F,4,1,7,2,0,5,18,0,0,1,1,5,7,1,4,0,0,0,0,0,0,9,10,1,0,2,44,0,1,1,2,0,1,1,0,0,0,0,0,0,0,4,4,4,2,4,4,0,0,0,0,0,0,0,0,0,0,0,0,0,0,0,0,0,0,0,0,0,0,0,0,0,0,0,5.6588,0.20479,-0.00017668,7.3899e-08,-1.1968e-11,0.0,127.08
cf2o_oh,[O]C(O)(F)F,1,0,2,0,2,1,5,0,1,0,0,1,2,0,0,0,0,0,0,0,0,0,0,0,0,0,3,0,0,0,0,0,0,0,2,0,0,0,0,0,0,0,0,0,0,0,0,0,0,0,0,0,0,0,0,0,0,2,0,0,0,0,0,0,0,0,0,0,0,1,0,0,0,0,2.885,0.063918,-6.36e-05,2.96e-08,-5.18e-12,0.0,70.725
tfcof,O=C(F)C(F)(F)F,0,1,4,1,0,0,5,1,0,1,1,1,3,1,0,0,0,0,0,0,0,0,0,0,0,0,6,0,0,0,0,3,0,0,0,0,0,0,0,0,0,0,0,0,0,0,0,0,3,0,0,0,0,0,0,0,0,0,0,0,0,0,0,0,0,0,0,0,0,0,0,0,0,0,5.1967,0.073193,-7.0524e-05,3.168e-08,-5.3945e-12,0.0,79.91
co2h,O=[C]O,1,1,0,2,0,1,2,0,0,1,1,0,0,0,0,0,0,0,0,0,0,0,0,0,0,0,1,0,1,1,0,0,0,1,0,0,0,0,0,0,0,0,0,0,0,0,0,0,0,0,0,0,0,0,0,0,0,0,0,0,0,0,0,0,0,0,0,0,0,0,0,0,0,0,5.1135,0.022545,-1.7e-05,6.53e-09,-9.96e-13,-45.14,60.148
c3f6o,FC(F)(F)[C@@]1(F)OC1(F)F,0,0,6,0,1,0,10,0,0,0,0,3,6,0,2,0,0,0,0,0,0,3,3,0,0,0,9,0,0,0,0,0,0,0,2,0,3,0,0,0,0,0,0,0,0,0,0,0,0,0,0,0,0,0,0,0,0,0,0,0,0,0,0,0,0,0,0,0,0,0,0,0,0,0,4.2664,0.11981,-0.00011762,5.33e-08,-9.12e-12,-337.64,91.474
pfproh,OC(F)(F)C(F)(F)C(F)(F)F,2,0,7,0,1,1,11,0,1,0,0,3,7,0,2,0,0,0,0,0,0,5,10,0,0,0,21,0,0,0,0,0,0,0,1,1,2,0,0,0,0,0,0,0,0,0,0,0,0,0,0,0,0,0,0,0,1,2,0,0,0,0,0,0,0,0,0,0,0,0,0,0,0,0,7.862,0.1377,-0.0001379,6.4023e-08,-1.118e-11,0.0,101.57
pfhxcof,O=C(F)C(F)(F)C(F)(F)C(F)(F)C(F)(F)C(F)(F)F,4,1,12,1,0,0,17,1,0,1,1,5,11,0,5,0,0,0,0,0,0,13,18,1,2,2,42,0,0,0,1,2,0,0,0,0,0,0,0,0,0,0,0,0,0,0,0,1,2,0,0,0,0,0,0,0,0,0,0,0,0,0,0,0,0,0,0,0,0,0,0,0,0,0,12.286,0.22581,-0.00022214,1.0105e-07,-1.7343e-11,0.0,137.55
c6_rad,F[C](F)C(F)(F)C(F)(F)C(F)(F)C(F)(F)C(F)(F)F,4,0,13,0,0,0,18,0,0,0,0,6,13,0,5,0,0,0,0,0,0,17,22,0,0,3,42,0,0,0,0,0,0,0,0,0,0,0,0,0,0,0,0,0,0,0,0,0,0,0,0,0,0,0,0,0,0,0,0,0,0,0,0,0,0,0,0,0,0,0,0,0,0,0,14.833,0.21805,-0.00021118,9.44e-08,-1.59e-11,-605.04,138.77868
2_pentene,F/C(=C(/F)C(F)(F)C(F)(F)F)C(F)(F)F,1,2,10,0,0,0,13,2,0,1,0,3,8,1,2,0,1,5,0,1,0,0,6,0,3,0,21,0,0,0,0,0,0,0,0,0,0,0,0,0,0,0,0,0,0,0,0,1,5,0,0,0,0,0,0,0,0,0,0,0,0,0,0,0,0,0,0,0,0,0,0,0,0,0,9.1206,0.17742,-0.00017433,7.92e-08,-1.36e-11,-478.17,119.98
frd_903_carbF_OH,[O]C(O)(F)[C@](F)(OC(F)(F)C(F)(F)C(F)(F)F)C(F)(F)F,5,0,12,0,3,1,21,0,1,0,0,6,12,0,4,0,0,0,0,0,0,9,14,0,0,0,45,0,0,0,0,0,0,0,4,3,8,3,3,0,0,0,0,0,0,0,0,0,0,0,0,0,0,0,0,0,1,1,0,0,0,0,0,0,0,0,0,0,0,1,2,0,0,0,11.034,0.27026,-0.00026829,1.23e-07,-2.13e-11,0.0,148.82
22rh,CCC(F)(F)C(F)(F)F,2,0,5,0,0,5,13,0,0,0,0,4,5,0,3,0,0,0,0,0,0,5,6,0,0,1,27,0,0,0,0,0,0,0,0,0,0,0,0,0,0,5,4,5,0,6,0,0,0,0,0,0,0,0,0,0,0,0,0,0,0,0,0,0,0,0,0,0,0,0,0,0,0,0,3.92,0.12557,-9.8047e-05,3.7932e-08,-5.782e-12,0.0,92.759
31_butene,C=C(F)C(F)(F)C(F)(F)F,1,2,6,0,0,2,10,1,0,1,0,2,5,1,1,2,1,2,0,1,0,0,6,0,3,0,15,0,0,0,0,0,0,0,0,0,0,0,0,0,0,0,0,0,0,0,0,1,2,0,0,0,0,0,0,0,0,0,0,0,0,0,0,0,0,0,0,0,0,0,0,0,0,0,4.1921,0.13202,-0.00012382,5.5152e-08,-9.3714e-12,0.0,95.365
cbutane_diradical,F[C](F)C(F)(F)C(F)(F)[C](F)F,3,0,8,0,0,0,11,0,0,0,0,4,8,0,3,0,0,0,0,0,0,8,12,0,0,1,21,0,0,0,0,0,0,0,0,0,0,0,0,0,0,0,0,0,0,0,0,0,0,0,0,0,0,0,0,0,0,0,0,0,0,0,0,0,0,0,0,0,0,0,0,0,0,0,9.9754,0.13412,-0.00013135,5.94e-08,-1.01e-11,-296.79,107.9
pfhpal,O=C(F)C(F)(F)C(F)(F)C(F)(F)C(F)(F)C(F)(F)C(F)(F)F,5,1,14,1,0,0,20,1,0,1,1,6,13,0,6,0,0,0,0,0,0,17,22,1,2,3,51,0,0,0,1,2,0,0,0,0,0,0,0,0,0,0,0,0,0,0,0,1,2,0,0,0,0,0,0,0,0,0,0,0,0,0,0,0,0,0,0,0,0,0,0,0,0,0,14.026,0.26416,-0.00026033,1.19e-07,-2.04e-11,-723.56,151.43
cf2_h2o_ts_prod,OC(F)F,1,0,2,0,1,2,5,0,1,0,0,1,2,0,0,0,0,0,0,0,0,0,0,0,0,0,3,0,0,0,0,0,0,0,1,0,0,0,0,0,0,1,0,0,0,0,0,0,0,0,0,0,0,0,0,0,0,2,0,0,1,0,0,0,0,0,0,0,0,0,0,0,0,0,2.7417,0.048881,-3.95e-05,1.58e-08,-2.47e-12,-159.19,65.583
c4f7_o,O=C(F)[C](F)C(F)(F)C(F)(F)F,2,1,7,1,0,0,10,1,0,1,1,3,6,0,3,0,0,0,0,0,0,4,8,1,2,0,19,0,0,0,1,1,0,0,0,0,0,0,0,0,0,0,0,0,0,0,0,1,1,0,0,0,0,0,0,0,0,0,0,0,0,0,0,0,0,0,0,0,0,0,0,0,0,0,8.9241,0.13439,-0.00013079,5.91e-08,-1.01e-11,-300.33,106.98
cf2coho,O=C(O)[C](F)F,1,1,2,2,0,1,5,0,0,1,1,1,2,1,0,0,0,0,0,0,0,0,0,0,0,0,6,0,1,1,0,4,1,1,0,0,0,0,0,0,0,0,0,0,0,0,0,0,0,0,0,0,0,0,0,0,0,0,0,0,0,0,0,0,0,0,0,0,0,0,0,0,0,0,6.6578,0.060926,-5.53e-05,2.42e-08,-4.06e-12,-269.0,78.453
c3f8,FC(F)(F)C(F)(F)C(F)(F)F,0,0,8,0,0,0,10,0,0,0,0,3,8,0,2,0,0,0,0,0,0,6,12,0,0,0,18,0,0,0,0,0,0,0,0,0,0,0,0,0,0,0,0,0,0,0,0,0,0,0,0,0,0,0,0,0,0,0,0,0,0,0,0,0,0,0,0,0,0,0,0,0,0,0,1.9759,0.054518,-1.01e-05,-6.9e-09,2.45e-12,-418.32,64.110605
pfpncof,O=C(F)C(F)(F)C(F)(F)C(F)(F)C(F)(F)F,3,1,10,1,0,0,14,1,0,1,1,4,9,0,4,0,0,0,0,0,0,9,14,1,2,1,33,0,0,0,1,2,0,0,0,0,0,0,0,0,0,0,0,0,0,0,0,1,2,0,0,0,0,0,0,0,0,0,0,0,0,0,0,0,0,0,0,0,0,0,0,0,0,0,10.495,0.18766,-0.00018422,8.3691e-08,-1.4353e-11,0.0,123.37
tfcof_oh,[O]C(O)(F)C(F)(F)F,1,0,4,0,2,1,8,0,1,0,0,2,4,0,1,0,0,0,0,0,0,0,3,0,0,0,12,0,0,0,0,0,0,0,2,0,6,0,0,0,0,0,0,0,0,0,0,0,0,0,0,0,0,0,0,0,1,1,0,0,0,0,0,0,0,0,0,0,0,1,0,0,0,0,4.6524,0.10215,-0.0001018,4.72e-08,-8.23e-12,0.0,85.745
1_octane_c7_rad,F[C](F)C(F)(F)C(F)(F)C(F)(F)C(F)(F)C(F)(F)C(F)(F)F,5,0,15,0,0,0,21,0,0,0,0,7,15,0,6,0,0,0,0,0,0,21,26,0,0,4,51,0,0,0,0,0,0,0,0,0,0,0,0,0,0,0,0,0,0,0,0,0,0,0,0,0,0,0,0,0,0,0,0,0,0,0,0,0,0,0,0,0,0,0,0,0,0,0,16.979,0.25448,-0.00024654,1.1e-07,-1.86e-11,-702.8,152.659706
2_propyl,F[C](C(F)(F)F)C(F)(F)F,0,0,7,0,0,0,9,0,0,0,0,3,7,0,2,0,0,0,0,0,0,6,6,0,0,0,12,0,0,0,0,0,0,0,0,0,0,0,0,0,0,0,0,0,0,0,0,0,0,0,0,0,0,0,0,0,0,0,0,0,0,0,0,0,0,0,0,0,0,0,0,0,0,0,7.8084,0.11084,-0.00010769,4.83e-08,-8.17e-12,-318.55,99.051
cf2o2_rad,[O]O[C](F)F,1,0,2,0,2,0,4,0,0,0,0,1,2,0,0,0,0,0,0,0,0,0,0,0,0,0,2,0,0,0,0,0,0,0,1,0,0,0,0,0,0,0,0,0,0,0,0,0,0,0,0,0,0,0,0,0,0,0,0,0,0,0,0,1,0,2,0,0,0,0,0,0,0,0,5.1022,0.046575,-4.5e-05,2.03e-08,-3.48e-12,-41.1,69.181
ethane1H,FC(F)C(F)(F)F,0,0,5,0,0,1,7,0,0,0,0,2,5,0,1,0,0,0,0,0,0,0,6,0,0,0,9,0,0,0,0,0,0,0,0,0,0,0,0,0,0,1,3,0,0,0,0,0,0,0,0,0,0,0,0,0,0,0,0,0,0,0,0,0,0,0,0,0,0,0,0,0,0,0,4.1197,0.080406,-7.22e-05,3.07e-08,-5.01e-12,-263.33,79.748
octene,FC(F)=C(F)C(F)(F)C(F)(F)C(F)(F)C(F)(F)C(F)(F)C(F)(F)F,5,2,16,0,0,0,22,3,0,1,0,6,13,0,6,0,1,2,0,1,0,17,22,1,2,3,51,0,0,0,0,0,0,0,0,0,0,0,0,0,0,0,0,0,0,0,0,1,2,0,0,0,0,0,0,0,0,0,0,0,0,0,0,0,0,0,0,0,0,0,0,0,0,0,15.173,0.28984,-0.00028597,1.3e-07,-2.24e-11,-763.52,161.73
ester_oh,[O]C(O)(OC(F)(F)C(F)(F)C(F)(F)F)C(F)(F)F,4,0,10,0,3,1,18,0,1,0,0,5,10,0,3,0,0,0,0,0,0,5,10,0,0,0,36,0,0,0,0,0,0,0,4,1,11,2,2,0,0,0,0,0,0,0,0,0,0,0,0,0,0,0,0,0,1,0,0,0,0,0,0,0,0,0,0,0,0,2,0,2,0,0,9.5262,0.23254,-0.00023163,1.07e-07,-1.85e-11,0.0,136.34
c2f4o2,[O]OC(F)(F)[C](F)F,2,0,4,0,2,0,7,0,0,0,0,2,4,0,1,0,0,0,0,0,0,0,4,0,0,0,9,0,0,0,0,0,0,0,1,0,2,0,0,0,0,0,0,0,0,0,0,0,0,0,0,0,0,0,0,0,0,0,0,0,0,0,0,1,1,2,0,0,0,0,0,0,0,0,7.0756,0.085872,-8.46e-05,3.85e-08,-6.59e-12,-145.69,88.684
frd_903_carbF,O=C(F)[C@](F)(OC(F)(F)C(F)(F)C(F)(F)F)C(F)(F)F,4,1,12,1,1,0,18,1,0,1,1,5,11,1,3,0,0,0,0,0,0,5,13,0,3,0,39,0,0,0,1,1,0,0,2,1,5,2,3,1,1,0,0,0,0,0,0,1,1,0,0,0,0,0,0,0,0,0,0,0,0,0,0,0,0,0,0,0,0,0,0,0,1,0,11.577,0.2409,-0.00023634,1.07e-07,-1.84e-11,0.0,144.76
2_heptene,F/C(=C(/F)C(F)(F)C(F)(F)C(F)(F)C(F)(F)F)C(F)(F)F,3,2,14,0,0,0,19,2,0,1,0,5,12,1,4,0,1,5,0,1,0,9,14,1,2,1,39,0,0,0,0,0,0,0,0,0,0,0,0,0,0,0,0,0,0,0,0,1,5,0,0,0,0,0,0,0,0,0,0,0,0,0,0,0,0,0,0,0,0,0,0,0,0,0,12.666,0.2538,-0.00025026,1.14e-07,-1.96e-11,-673.36,149.61
e1,F[C@@H](OC(F)(F)C(F)(F)C(F)(F)F)C(F)(F)F,3,0,11,0,1,1,17,0,0,0,0,5,11,0,3,0,0,0,0,0,0,5,13,0,0,0,33,0,0,0,0,0,0,0,2,1,5,2,3,0,0,1,3,0,0,0,0,0,0,0,0,0,0,0,0,0,0,0,0,0,0,0,0,0,0,0,0,0,0,0,0,0,0,1,8.5402,0.21078,-0.00020132,8.97e-08,-1.51e-11,0.0,130.72
cf3co,O=[C]C(F)(F)F,0,1,3,1,0,0,4,0,0,1,1,1,3,0,1,0,0,0,0,0,0,0,0,0,0,0,3,0,0,0,0,3,0,0,0,0,0,0,0,0,0,0,0,0,0,0,0,0,0,0,0,0,0,0,0,0,0,0,0,0,0,0,0,0,0,0,0,0,0,0,0,0,0,0,5.8249,0.059384,-5.84e-05,2.68e-08,-4.64e-12,-147.16,77.255
butylallyl,F[C](C(F)=C(F)F)C(F)(F)F,1,2,7,0,0,0,9,3,0,1,0,2,4,1,1,0,1,1,0,1,0,0,3,0,3,0,10,0,0,0,0,0,0,0,0,0,0,0,0,0,0,0,0,0,0,0,0,1,1,0,0,0,0,0,0,0,0,0,0,0,0,0,0,0,0,0,0,0,0,0,0,0,0,0,9.4988,0.11984,-0.00011699,5.3e-08,-9.07e-12,-274.97,106.35
heptane1H,FC(F)C(F)(F)C(F)(F)C(F)(F)C(F)(F)C(F)(F)C(F)(F)F,5,0,15,0,0,1,22,0,0,0,0,7,15,0,6,0,0,0,0,0,0,21,26,0,0,4,54,0,0,0,0,0,0,0,0,0,0,0,0,0,0,1,2,1,0,0,0,0,0,0,0,0,0,0,0,0,0,0,0,0,0,0,0,0,0,0,0,0,0,0,0,0,0,0,12.771,0.27204,-0.00026288,1.18e-07,-2.01e-11,-751.79,150.76
cf2oh2,OC(O)(F)F,2,0,2,0,2,2,6,0,2,0,0,1,2,0,0,0,0,0,0,0,0,0,0,0,0,0,6,0,0,0,0,0,0,0,2,0,0,0,0,0,0,0,0,0,0,0,0,0,0,0,0,0,0,0,0,0,0,4,0,0,0,0,0,0,0,0,0,0,0,2,0,0,0,0,2.7915,0.070727,-6.84e-05,3.16e-08,-5.52e-12,-217.61,70.838
cf2_2h2o_prod,O.OC(F)F,1,0,2,0,2,4,7,0,3,0,0,1,2,0,0,0,0,0,0,0,0,0,0,0,0,0,3,0,0,0,0,0,0,0,1,0,0,0,0,0,0,1,0,0,0,0,0,0,0,0,0,0,0,0,0,0,0,2,0,0,1,0,0,0,0,0,0,0,0,0,0,0,0,0,14.805,0.024927,-2.07e-05,9.06e-09,-1.56e-12,-238.46,81.788
c2f6,FC(F)(F)C(F)(F)F,0,0,6,0,0,0,7,0,0,0,0,2,6,0,1,0,0,0,0,0,0,0,9,0,0,0,9,0,0,0,0,0,0,0,0,0,0,0,0,0,0,0,0,0,0,0,0,0,0,0,0,0,0,0,0,0,0,0,0,0,0,0,0,0,0,0,0,0,0,0,0,0,0,0,4.4745,0.092686,-9.19e-05,4.2e-08,-7.22e-12,-320.02,79.457408
tfal,O=C(F)C(F)(F)F,0,1,4,1,0,0,5,1,0,1,1,1,3,1,0,0,0,0,0,0,0,0,0,0,0,0,6,0,0,0,0,3,0,0,0,0,0,0,0,0,0,0,0,0,0,0,0,0,3,0,0,0,0,0,0,0,0,0,0,0,0,0,0,0,0,0,0,0,0,0,0,0,0,0,5.1988,0.073197,-7.05e-05,3.17e-08,-5.39e-12,-248.11,79.943
c7f15oh,OC(F)(F)C(F)(F)C(F)(F)C(F)(F)C(F)(F)C(F)(F)C(F)(F)F,6,0,15,0,1,1,23,0,1,0,0,7,15,0,6,0,0,0,0,0,0,21,26,0,0,4,57,0,0,0,0,0,0,0,1,1,2,0,0,0,0,0,0,0,0,0,0,0,0,0,0,0,0,0,0,0,1,2,0,0,0,0,0,0,0,0,0,0,0,0,0,0,0,0,13.438,0.29164,-0.0002889,1.32e-07,-2.28e-11,-803.55,155.44
propane1H,FC(F)C(F)(F)C(F)(F)F,1,0,7,0,0,1,10,0,0,0,0,3,7,0,2,0,0,0,0,0,0,5,10,0,0,0,18,0,0,0,0,0,0,0,0,0,0,0,0,0,0,1,2,1,0,0,0,0,0,0,0,0,0,0,0,0,0,0,0,0,0,0,0,0,0,0,0,0,0,0,0,0,0,0,5.9291,0.11846,-0.00011,4.81e-08,-8.01e-12,-361.38,95.555
2_butene,F/C(=C(/F)C(F)(F)F)C(F)(F)F,0,2,8,0,0,0,10,2,0,1,0,2,6,0,2,0,1,6,0,0,0,0,0,0,0,0,12,0,0,0,0,0,0,0,0,0,0,0,0,0,0,0,0,0,0,0,0,0,6,0,0,0,0,0,0,0,0,0,0,0,0,0,0,0,0,0,0,0,0,0,0,0,0,0,7.1603,0.14015,-0.00013764,6.26e-08,-1.07e-11,-379.88,106.06
pentene,FC(F)=C(F)C(F)(F)C(F)(F)C(F)(F)F,2,2,10,0,0,0,13,3,0,1,0,3,7,1,2,0,1,2,0,1,0,5,10,1,2,0,24,0,0,0,0,0,0,0,0,0,0,0,0,0,0,0,0,0,0,0,0,1,2,0,0,0,0,0,0,0,0,0,0,0,0,0,0,0,0,0,0,0,0,0,0,0,0,0,10.062,0.17448,-0.00017105,7.77e-08,-1.33e-11,-470.07,119.44
pfhxal,O=C(F)C(F)(F)C(F)(F)C(F)(F)C(F)(F)C(F)(F)F,4,1,12,1,0,0,17,1,0,1,1,5,11,0,5,0,0,0,0,0,0,13,18,1,2,2,42,0,0,0,1,2,0,0,0,0,0,0,0,0,0,0,0,0,0,0,0,1,2,0,0,0,0,0,0,0,0,0,0,0,0,0,0,0,0,0,0,0,0,0,0,0,0,0,12.294,0.22583,-0.00022218,1.01e-07,-1.73e-11,-625.09,137.47
cf2oh,O[C](F)F,1,0,2,0,1,1,4,0,1,0,0,1,2,0,0,0,0,0,0,0,0,0,0,0,0,0,2,0,0,0,0,0,0,0,1,0,0,0,0,0,0,0,0,0,0,0,0,0,0,0,0,0,0,0,0,0,0,2,0,0,0,0,0,0,0,0,0,0,0,0,0,0,0,0,3.997,0.043748,-4.08e-05,1.81e-08,-3.07e-12,-109.79,13.856
octane1H,FC(F)C(F)(F)C(F)(F)C(F)(F)C(F)(F)C(F)(F)C(F)(F)C(F)(F)F,6,0,17,0,0,1,25,0,0,0,0,8,17,0,7,0,0,0,0,0,0,25,30,0,0,5,63,0,0,0,0,0,0,0,0,0,0,0,0,0,0,1,2,1,0,0,0,0,0,0,0,0,0,0,0,0,0,0,0,0,0,0,0,0,0,0,0,0,0,0,0,0,0,0,14.24,0.3113,-0.00030219,1.36e-07,-2.32e-11,-958.27,164.19
