,52_heptene,1_octane,frd_903,23_ftca,cpropane,42rh,pfocof,butane,cho2h,1_propane,pfhpoh,chfo2,2_octene,pfprcof,pfpal,62ftoh,21_propene,pfpeoh,pentane,1_pentane,c3f6o2_1st,c7_secondary_rad,1H_dodecane,c4_secondary_rad,c4f9H_secondary,2_hexene,1_heptane,51_hexene,pfbcof,1H_ethane,pfhxa,cfo2h,pentane1H,hexene,pfpra,cf3cfoh,c2f4_oh,c6_secondary_rad,tfa,c6f13oh,c4_rad,c2f4h2o_prod,c5f11oh,pfpnal,pfoa,c2f4,heptene,ester,c2f4o,1H_butane,61_heptene,c2f5oh,c5_rad,pfhxoh,cf3ccf2,frd_903_0HFAts_prod_minusHF,1_octane_c8_rad,pfooh,pfeoh,52rh,1H_hexane,62rh,22ftoh,cfoh3,cooh2,1_butane,1H_propane,n_octane_twisted,c4f9oh,cf2o_2h2oprod,32ftoh,butene_OH,pfhpa,hexane1H,1H_decane,71_octene,cbutane,heptane,hexane,32rh,c2f3_o,43_ftca,1H_pentane,c3f7oh,propene,butane1H,cfoh_cis,1_hexane,32_pentene,butene_2OH,c2f5,e1_minusH,c3f6o2_ring,53_ftca,c3f7,butene,c8_secondary_rad,42ftoh,pfbal,pfboh,cf3oh,c5_secondary_rad
0,52_heptene,C=CC(F)(F)C(F)(F)C(F)(F)C(F)(F)C(F)(F)F,Unk,52_heptene.png,4,2,11,0,0,3,0,19,0,1,0,5,11,1,4,1,3,2,2,1,1,13,18,1,2,2,2,2,46,0,0,0,0,0,0,0,0,0,0,0,0,0,0,0,0,0,0,0,0,0,0,0,0,0,0,0,0,0,0,0,0,0,0,0,0,0,0,0,0,0,0,0,0,0,0,0,0,0,0,0,0,0,0,0,0,0,0,0,0,0,0,8.7437,0.23752,-0.00022295,9.89e-08,0,0.0,134.24
1,1_octane,O=C(O)C(F)(F)C(F)(F)C(F)(F)C(F)(F)C(F)(F)C(F)(F)C(F)(F)F,PFCA,1_octane.png,6,1,15,2,0,1,0,24,1,1,0,7,15,1,6,0,0,0,0,0,0,21,26,1,2,0,0,4,62,0,1,1,1,1,2,2,1,1,0,0,0,0,0,0,0,0,0,0,0,0,0,0,0,0,0,0,0,0,0,0,0,0,0,0,0,0,0,0,0,0,0,0,0,0,0,0,0,0,0,0,0,0,0,0,0,0,0,0,0,0,0,14.415,0.31312,-0.00030747,1.4e-07,0,-824.72,165.64
2,frd_903,O=C(O)[C@](F)(OC(F)(F)C(F)(F)C(F)(F)F)C(F)(F)F,PFECA,frd_903.png,4,1,11,2,1,1,0,19,1,1,0,5,11,1,3,0,0,0,0,0,0,5,13,0,3,0,0,0,41,0,1,1,1,1,1,1,1,1,2,1,5,2,3,1,1,1,0,0,0,0,0,0,0,0,0,0,0,0,0,0,0,0,0,0,0,0,0,0,0,0,0,0,0,0,0,0,0,0,0,0,0,0,0,0,0,0,0,0,0,0,0,10.06,0.25241,-0.00024666,1.1200000000000001e-07,0,0.0,143.52
3,23_ftca,O=C(O)CCC(F)(F)C(F)(F)F,FTCA,23_ftca.png,3,1,5,2,0,5,0,15,1,1,0,4,5,1,3,0,0,0,0,0,0,5,6,1,0,0,0,1,35,0,1,1,1,1,0,0,1,1,0,0,0,0,0,0,0,0,4,4,4,2,4,2,2,0,0,0,0,0,0,0,0,0,0,0,0,0,0,0,0,0,0,0,0,0,0,0,0,0,0,0,0,0,0,0,0,0,0,0,0,0,0,3.8371,0.16677,-0.00013893,5.6700000000000005e-08,0,0.0,110.95
4,cpropane,FC1(F)C(F)(F)C1(F)F,Unk,cpropane.png,0,0,6,0,0,0,0,9,0,0,0,3,6,0,3,0,0,0,0,0,0,12,12,0,0,0,0,0,24,0,0,0,0,0,0,0,0,0,0,0,0,0,0,0,0,0,0,0,0,0,0,0,0,0,0,0,0,0,0,0,0,0,0,0,0,0,0,0,0,0,0,0,0,0,0,0,0,0,0,0,0,0,0,0,0,0,0,0,0,0,0,6.2633,0.09925199999999999,-9.6e-05,4.3e-08,0,-234.7,87.044
5,42rh,CCC(F)(F)C(F)(F)C(F)(F)C(F)(F)F,Unk,42rh.png,4,0,9,0,0,5,0,19,0,0,0,6,9,0,5,0,0,0,0,0,0,13,14,0,0,0,0,3,45,0,0,0,0,0,0,0,0,0,0,0,0,0,0,0,0,0,5,4,5,0,6,0,0,0,0,0,0,0,0,0,0,0,0,0,0,0,0,0,0,0,0,0,0,0,0,0,0,0,0,0,0,0,0,0,0,0,0,0,0,0,0,7.3155,0.20246000000000003,-0.0001746,7.3e-08,0,0.0,121.66
6,pfocof,O=C(F)C(F)(F)C(F)(F)C(F)(F)C(F)(F)C(F)(F)C(F)(F)F,PFAL,pfocof.png,5,1,14,1,0,0,1,20,1,1,0,6,13,1,5,0,0,0,0,0,0,17,22,1,2,0,0,3,51,0,0,0,0,1,0,2,0,0,0,0,0,0,0,0,0,0,0,0,0,0,0,0,0,1,2,0,0,0,0,0,0,0,0,0,0,0,0,0,0,0,0,0,0,0,0,0,0,0,0,0,0,0,0,0,0,0,0,0,0,0,0,14.079,0.26393,-0.00026002,1.184e-07,0,0.0,151.88
7,butane,FC(F)(F)C(F)(F)C(F)(F)C(F)(F)F,Unk,butane.png,1,0,10,0,0,0,0,13,0,0,0,4,10,0,3,0,0,0,0,0,0,10,16,0,0,0,0,1,27,0,0,0,0,0,0,0,0,0,0,0,0,0,0,0,0,0,0,0,0,0,0,0,0,0,0,0,0,0,0,0,0,0,0,0,0,0,0,0,0,0,0,0,0,0,0,0,0,0,0,0,0,0,0,0,0,0,0,0,0,0,0,8.0151,0.16889,-0.00016744,7.65e-08,0,-516.57,112.543919
8,cho2h,O=CO,Unk,cho2h.png,0,1,0,2,0,2,0,3,1,1,0,0,0,0,0,0,1,0,0,0,0,0,0,0,0,0,0,0,2,0,1,1,0,0,0,0,0,1,0,0,0,0,0,0,0,0,0,0,0,0,0,0,0,0,0,1,0,0,0,0,0,0,0,0,0,0,0,0,0,0,0,0,0,0,0,0,0,0,0,0,0,0,0,0,0,0,0,0,0,0,0,3.6706000000000003,0.028130000000000002,-1.5799999999999998e-05,4e-09,0,-88.67,59.346
9,1_propane,O=C(O)OC(F)(F)C(F)(F)C(F)(F)F,Unk,1_propane.png,2,1,7,3,0,1,0,13,1,1,0,3,7,0,2,0,0,0,0,0,0,5,10,0,0,0,0,0,25,0,2,1,0,0,0,0,0,1,0,0,0,0,0,0,0,0,0,0,0,0,0,0,0,0,0,0,1,1,2,1,1,1,1,2,0,0,0,0,0,0,0,0,0,0,0,0,0,0,0,0,0,0,0,0,0,0,0,0,0,0,0,5.734,0.12156000000000002,-0.00011689,5.28e-08,0,-331.96,96.214
10,pfhpoh,OC(F)(F)C(F)(F)C(F)(F)C(F)(F)C(F)(F)C(F)(F)C(F)(F)F,PFOH,pfhpoh.png,6,0,15,0,1,1,0,23,0,0,1,7,15,0,6,0,0,0,0,0,0,21,26,0,0,0,0,4,57,0,0,0,0,0,0,0,0,0,1,1,2,0,0,0,0,0,0,0,0,0,0,0,0,0,0,0,0,0,0,0,0,0,0,0,1,2,0,0,0,0,0,0,0,0,0,0,0,0,0,0,0,0,0,0,0,0,0,0,0,0,0,13.374,0.29174,-0.00028895,1.324e-07,0,0.0,155.32
11,chfo2,O=C(O)F,Unk,chfo2.png,0,1,1,2,0,1,1,3,1,1,0,0,0,0,0,0,0,0,0,0,0,0,0,0,0,0,0,0,2,0,1,1,0,0,0,0,0,1,0,0,0,0,0,0,0,0,0,0,0,0,0,0,0,0,0,0,0,0,0,0,0,0,0,0,0,0,1,0,0,0,0,0,0,0,0,0,0,0,0,0,0,0,0,0,0,0,0,0,0,0,0,2.7681,0.043835,-3.9699999999999996e-05,1.74e-08,0,0.0,63.927
12,2_octene,F/C(=C(/F)C(F)(F)C(F)(F)C(F)(F)C(F)(F)C(F)(F)F)C(F)(F)F,Unk,2_octene.png,4,2,16,0,0,0,2,22,0,1,0,6,14,2,4,1,0,5,0,1,0,13,18,1,2,0,0,2,52,0,0,0,0,0,0,0,0,0,0,0,0,0,0,0,0,0,0,0,0,0,0,0,0,1,5,0,0,0,0,0,0,0,0,0,0,0,0,2,1,1,0,0,0,0,0,0,0,0,0,0,0,0,0,0,0,0,0,0,0,0,0,14.264,0.29254,-0.00028888,1.3200000000000002e-07,0,-771.62,162.83
13,pfprcof,O=C(F)C(F)(F)C(F)(F)F,PFAL,pfprcof.png,1,1,6,1,0,0,1,8,1,1,0,2,5,1,1,0,0,0,0,0,0,0,6,0,3,0,0,0,15,0,0,0,0,1,0,2,0,0,0,0,0,0,0,0,0,0,0,0,0,0,0,0,0,1,2,0,0,0,0,0,0,0,0,0,0,0,0,0,0,0,0,0,0,0,0,0,0,0,0,0,0,0,0,0,0,0,0,0,0,0,0,7.0146,0.1111,-0.00010808000000000001,4.88e-08,0,0.0,95.561
14,pfpal,O=C(F)C(F)(F)C(F)(F)F,PFAL,pfpal.png,1,1,6,1,0,0,1,8,1,1,0,2,5,1,1,0,0,0,0,0,0,0,6,0,3,0,0,0,15,0,0,0,0,1,0,2,0,0,0,0,0,0,0,0,0,0,0,0,0,0,0,0,0,1,2,0,0,0,0,0,0,0,0,0,0,0,0,0,0,0,0,0,0,0,0,0,0,0,0,0,0,0,0,0,0,0,0,0,0,0,0,6.9898,0.11121,-0.00010823,4.89e-08,0,-329.38,95.557
15,62ftoh,OCCC(F)(F)C(F)(F)C(F)(F)C(F)(F)C(F)(F)C(F)(F)F,FTOH,62ftoh.png,7,0,13,0,1,5,0,26,0,0,1,8,13,0,7,0,0,0,0,0,0,21,22,0,0,0,0,5,66,0,0,0,0,0,0,0,0,0,1,1,0,0,0,0,0,0,4,4,4,0,4,0,0,0,0,0,0,0,0,0,0,0,0,0,1,0,0,0,0,0,2,2,0,0,0,0,0,0,0,0,0,0,0,0,0,0,0,0,0,0,0,12.145,0.2893,-0.00026063000000000003,1.122e-07,0,0.0,156.24
16,21_propene,C=C(F)C(F)(F)F,Unk,21_propene.png,0,2,4,0,0,2,1,7,0,1,0,1,3,1,0,1,2,3,0,0,0,0,0,0,0,2,0,0,10,0,0,0,0,0,0,0,0,0,0,0,0,0,0,0,0,0,0,0,0,0,0,0,0,0,3,0,0,0,0,0,0,0,0,0,0,0,0,0,0,0,0,0,2,0,0,0,0,0,0,0,0,0,0,0,0,0,0,0,0,0,0,2.3416,0.09432,-8.655200000000001e-05,3.8200000000000005e-08,0,0.0,80.045
17,pfpeoh,OC(F)(F)C(F)(F)C(F)(F)C(F)(F)C(F)(F)F,PFOH,pfpeoh.png,4,0,11,0,1,1,0,17,0,0,1,5,11,0,4,0,0,0,0,0,0,13,18,0,0,0,0,2,39,0,0,0,0,0,0,0,0,0,1,1,2,0,0,0,0,0,0,0,0,0,0,0,0,0,0,0,0,0,0,0,0,0,0,0,1,2,0,0,0,0,0,0,0,0,0,0,0,0,0,0,0,0,0,0,0,0,0,0,0,0,0,9.9632,0.21492000000000003,-0.00021246,9.73e-08,0,0.0,127.54
18,pentane,FC(F)(F)C(F)(F)C(F)(F)C(F)(F)C(F)(F)F,Unk,pentane.png,2,0,12,0,0,0,0,16,0,0,0,5,12,0,4,0,0,0,0,0,0,14,20,0,0,0,0,2,36,0,0,0,0,0,0,0,0,0,0,0,0,0,0,0,0,0,0,0,0,0,0,0,0,0,0,0,0,0,0,0,0,0,0,0,0,0,0,0,0,0,0,0,0,0,0,0,0,0,0,0,0,0,0,0,0,0,0,0,0,0,0,9.7925,0.20703000000000002,-0.00020533000000000001,9.38e-08,0,-615.05,126.598051
19,1_pentane,O=C(O)C(F)(F)C(F)(F)C(F)(F)C(F)(F)F,PFCA,1_pentane.png,3,1,9,2,0,1,0,15,1,1,0,4,9,1,3,0,0,0,0,0,0,9,14,1,2,0,0,1,35,0,1,1,1,1,2,2,1,1,0,0,0,0,0,0,0,0,0,0,0,0,0,0,0,0,0,0,0,0,0,0,0,0,0,0,0,0,0,0,0,0,0,0,0,0,0,0,0,0,0,0,0,0,0,0,0,0,0,0,0,0,0,9.2229,0.19813000000000003,-0.00019306,8.77e-08,0,-529.33,123.69
20,c3f6o2_1st,[O]OC(F)(F)[C](F)C(F)(F)F,Unk,c3f6o2_1st.png,2,0,6,0,2,0,0,10,0,0,0,3,6,0,2,0,0,0,0,0,0,5,5,0,0,0,0,0,15,0,0,0,0,0,0,0,0,0,1,1,1,0,0,0,0,0,0,0,0,0,0,0,0,0,0,0,0,0,0,0,0,0,0,0,0,0,0,0,0,0,0,0,0,0,0,1,1,2,0,0,0,0,0,0,0,0,0,0,0,0,0,8.4398,0.12567,-0.00012458,5.69e-08,0,0.0,106.04
21,c7_secondary_rad,F[C](C(F)(F)F)C(F)(F)C(F)(F)C(F)(F)C(F)(F)C(F)(F)F,Unk,c7_secondary_rad.png,4,0,15,0,0,0,0,21,0,0,0,7,15,0,6,0,0,0,0,0,0,21,23,0,0,0,0,4,48,0,0,0,0,0,0,0,0,0,0,0,0,0,0,0,0,0,0,0,0,0,0,0,0,0,0,0,0,0,0,0,0,0,0,0,0,0,0,0,0,0,0,0,0,0,0,0,0,0,0,0,0,0,0,0,0,0,0,0,0,0,0,14.118,0.26726,-0.0002651,1.21e-07,0,-710.8,157.13
22,1H_dodecane,FC(F)C(F)(F)C(F)(F)C(F)(F)C(F)(F)C(F)(F)C(F)(F)C(F)(F)C(F)(F)C(F)(F)C(F)(F)C(F)(F)F,Unk,1H_dodecane.png,10,0,25,0,0,1,0,37,0,0,0,12,25,0,11,0,0,0,0,0,0,41,46,0,0,0,0,9,99,0,0,0,0,0,0,0,0,0,0,0,0,0,0,0,0,0,1,2,1,0,0,0,0,0,0,0,0,0,0,0,0,0,0,0,0,0,0,0,0,0,0,0,0,0,0,0,0,0,0,0,0,0,0,0,0,0,0,0,0,0,0,21.372,0.46396000000000004,-0.00045395,2.057e-07,0,0.0,220.31
23,c4_secondary_rad,F[C](C(F)(F)F)C(F)(F)C(F)(F)F,Unk,c4_secondary_rad.png,1,0,9,0,0,0,0,12,0,0,0,4,9,0,3,0,0,0,0,0,0,9,11,0,0,0,0,1,21,0,0,0,0,0,0,0,0,0,0,0,0,0,0,0,0,0,0,0,0,0,0,0,0,0,0,0,0,0,0,0,0,0,0,0,0,0,0,0,0,0,0,0,0,0,0,0,0,0,0,0,0,0,0,0,0,0,0,0,0,0,0,8.7357,0.153,-0.00015161,6.92e-08,0,-417.63,113.918165
24,c4f9H_secondary,F[C@@H](C(F)(F)F)C(F)(F)C(F)(F)F,Unk,c4f9H_secondary.png,1,0,9,0,0,1,0,13,0,0,0,4,9,0,3,0,0,0,0,0,0,9,11,0,0,0,0,1,27,0,0,0,0,0,0,0,0,0,0,0,0,0,0,0,0,0,1,5,1,0,0,0,0,0,0,0,0,0,0,0,0,0,0,0,0,0,0,0,0,0,0,0,0,0,0,0,0,0,0,0,0,0,0,0,0,0,0,0,0,0,0,6.6609,0.16006,-0.00015202,6.75e-08,0,-457.83,107.67
25,2_hexene,F/C(=C(/F)C(F)(F)C(F)(F)C(F)(F)F)C(F)(F)F,Unk,2_hexene.png,2,2,12,0,0,0,2,16,0,1,0,4,10,2,2,1,0,5,0,1,0,5,10,1,2,0,0,0,34,0,0,0,0,0,0,0,0,0,0,0,0,0,0,0,0,0,0,0,0,0,0,0,0,1,5,0,0,0,0,0,0,0,0,0,0,0,0,2,1,1,0,0,0,0,0,0,0,0,0,0,0,0,0,0,0,0,0,0,0,0,0,10.874,0.21558000000000002,-0.00021219999999999998,9.65e-08,0,-575.6,135.25
26,1_heptane,O=C(O)C(F)(F)C(F)(F)C(F)(F)C(F)(F)C(F)(F)C(F)(F)F,PFCA,1_heptane.png,5,1,13,2,0,1,0,21,1,1,0,6,13,1,5,0,0,0,0,0,0,17,22,1,2,0,0,3,53,0,1,1,1,1,2,2,1,1,0,0,0,0,0,0,0,0,0,0,0,0,0,0,0,0,0,0,0,0,0,0,0,0,0,0,0,0,0,0,0,0,0,0,0,0,0,0,0,0,0,0,0,0,0,0,0,0,0,0,0,0,0,12.695,0.27476,-0.00026931,1.23e-07,0,-726.25,151.7
27,51_hexene,C=C(F)C(F)(F)C(F)(F)C(F)(F)C(F)(F)F,Unk,51_hexene.png,3,2,10,0,0,2,1,16,0,1,0,4,9,1,3,1,2,2,0,1,0,9,14,1,2,2,0,1,37,0,0,0,0,0,0,0,0,0,0,0,0,0,0,0,0,0,0,0,0,0,0,0,0,1,2,0,0,0,0,0,0,0,0,0,0,0,0,0,0,0,0,0,2,0,0,0,0,0,0,0,0,0,0,0,0,0,0,0,0,0,0,7.6842,0.20856000000000002,-0.00019992,9e-08,0,0.0,124.02
28,pfbcof,O=C(F)C(F)(F)C(F)(F)C(F)(F)F,PFAL,pfbcof.png,2,1,8,1,0,0,1,11,1,1,0,3,7,1,2,0,0,0,0,0,0,5,10,1,2,0,0,0,24,0,0,0,0,1,0,2,0,0,0,0,0,0,0,0,0,0,0,0,0,0,0,0,0,1,2,0,0,0,0,0,0,0,0,0,0,0,0,0,0,0,0,0,0,0,0,0,0,0,0,0,0,0,0,0,0,0,0,0,0,0,0,8.7874,0.14927,-0.00014601,6.62e-08,0,0.0,109.98
29,1H_ethane,FC(F)C(F)(F)F,Unk,1H_ethane.png,0,0,5,0,0,1,0,7,0,0,0,2,5,0,1,0,0,0,0,0,0,0,6,0,0,0,0,0,9,0,0,0,0,0,0,0,0,0,0,0,0,0,0,0,0,0,1,3,0,0,0,0,0,0,0,0,0,0,0,0,0,0,0,0,0,0,0,0,0,0,0,0,0,0,0,0,0,0,0,0,0,0,0,0,0,0,0,0,0,0,0,4.1218,0.080399,-7.2144e-05,3.0700000000000004e-08,0,0.0,79.742
30,pfhxa,O=C(O)C(F)(F)C(F)(F)C(F)(F)C(F)(F)C(F)(F)F,PFCA,pfhxa.png,4,1,11,2,0,1,0,18,1,1,0,5,11,1,4,0,0,0,0,0,0,13,18,1,2,0,0,2,44,0,1,1,1,1,2,2,1,1,0,0,0,0,0,0,0,0,0,0,0,0,0,0,0,0,0,0,0,0,0,0,0,0,0,0,0,0,0,0,0,0,0,0,0,0,0,0,0,0,0,0,0,0,0,0,0,0,0,0,0,0,0,10.972,0.23642000000000002,-0.00023116,1.0510000000000001e-07,0,0.0,137.72
31,cfo2h,O=C(O)F,Unk,cfo2h.png,0,1,1,2,0,1,1,3,1,1,0,0,0,0,0,0,0,0,0,0,0,0,0,0,0,0,0,0,2,0,1,1,0,0,0,0,0,1,0,0,0,0,0,0,0,0,0,0,0,0,0,0,0,0,0,0,0,0,0,0,0,0,0,0,0,0,1,0,0,0,0,0,0,0,0,0,0,0,0,0,0,0,0,0,0,0,0,0,0,0,0,2.5620000000000003,0.043465,-3.85e-05,1.66e-08,0,-147.28,63.717
32,pentane1H,FC(F)C(F)(F)C(F)(F)C(F)(F)C(F)(F)F,Unk,pentane1H.png,3,0,11,0,0,1,0,16,0,0,0,5,11,0,4,0,0,0,0,0,0,13,18,0,0,0,0,2,36,0,0,0,0,0,0,0,0,0,0,0,0,0,0,0,0,0,1,2,1,0,0,0,0,0,0,0,0,0,0,0,0,0,0,0,0,0,0,0,0,0,0,0,0,0,0,0,0,0,0,0,0,0,0,0,0,0,0,0,0,0,0,9.373,0.19517,-0.00018633,8.3e-08,0,-556.45,123.18
33,hexene,FC(F)=C(F)C(F)(F)C(F)(F)C(F)(F)C(F)(F)F,Unk,hexene.png,3,2,12,0,0,0,3,16,0,1,0,4,9,1,3,1,0,2,0,1,0,9,14,1,2,0,0,1,37,0,0,0,0,0,0,0,0,0,0,0,0,0,0,0,0,0,0,0,0,0,0,0,0,1,2,0,0,0,0,0,0,0,0,0,0,0,0,2,0,2,0,0,0,0,0,0,0,0,0,0,0,0,0,0,0,0,0,0,0,0,0,11.802,0.21282,-0.00020922,9.51e-08,0,-567.5,134.2
34,pfpra,O=C(O)C(F)(F)C(F)(F)F,PFCA,pfpra.png,1,1,5,2,0,1,0,9,1,1,0,2,5,1,1,0,0,0,0,0,0,0,6,0,3,0,0,0,17,0,1,1,1,1,2,2,1,1,0,0,0,0,0,0,0,0,0,0,0,0,0,0,0,0,0,0,0,0,0,0,0,0,0,0,0,0,0,0,0,0,0,0,0,0,0,0,0,0,0,0,0,0,0,0,0,0,0,0,0,0,0,5.7283,0.12156000000000002,-0.00011688,5.28e-08,0,0.0,96.243
35,cf3cfoh,O[C](F)C(F)(F)F,Unk,cf3cfoh.png,1,0,4,0,1,1,0,7,0,0,1,2,4,0,1,0,0,0,0,0,0,0,3,0,0,0,0,0,8,0,0,0,0,0,0,0,0,0,1,0,3,0,0,0,0,0,0,0,0,0,0,0,0,0,0,0,0,0,0,0,0,0,0,0,1,1,0,0,0,0,0,0,0,0,0,0,0,0,0,0,0,0,0,0,0,0,0,0,0,0,0,5.4323,0.083676,-8.14e-05,3.71e-08,0,-231.88,83.107
36,c2f4_oh,OC(F)(F)[C](F)F,Unk,c2f4_oh.png,2,0,4,0,1,1,0,7,0,0,1,2,4,0,1,0,0,0,0,0,0,0,4,0,0,0,0,0,9,0,0,0,0,0,0,0,0,0,1,0,2,0,0,0,0,0,0,0,0,0,0,0,0,0,0,0,0,0,0,0,0,0,0,0,1,2,0,0,0,0,0,0,0,0,0,0,0,0,0,0,0,0,0,0,0,0,0,0,0,0,0,5.5231,0.083345,-8.099999999999999e-05,3.69e-08,0,-210.36,24.195
37,c6_secondary_rad,F[C](C(F)(F)F)C(F)(F)C(F)(F)C(F)(F)C(F)(F)F,Unk,c6_secondary_rad.png,3,0,13,0,0,0,0,18,0,0,0,6,13,0,5,0,0,0,0,0,0,17,19,0,0,0,0,3,39,0,0,0,0,0,0,0,0,0,0,0,0,0,0,0,0,0,0,0,0,0,0,0,0,0,0,0,0,0,0,0,0,0,0,0,0,0,0,0,0,0,0,0,0,0,0,0,0,0,0,0,0,0,0,0,0,0,0,0,0,0,0,12.314,0.22917,-0.00022726000000000002,1.04e-07,0,-613.03,142.85
38,tfa,O=C(O)C(F)(F)F,PFCA,tfa.png,0,1,3,2,0,1,0,6,1,1,0,1,3,1,0,0,0,0,0,0,0,0,0,0,0,0,0,0,8,0,1,1,0,0,3,3,1,1,0,0,0,0,0,0,0,0,0,0,0,0,0,0,0,0,0,0,0,0,0,0,0,0,0,0,0,0,0,0,0,0,0,0,0,0,0,0,0,0,0,0,0,0,0,0,0,0,0,0,0,0,0,3.9462,0.08361,-7.93e-05,3.56e-08,0,-250.52,80.676
39,c6f13oh,OC(F)(F)C(F)(F)C(F)(F)C(F)(F)C(F)(F)C(F)(F)F,PFOH,c6f13oh.png,5,0,13,0,1,1,0,20,0,0,1,6,13,0,5,0,0,0,0,0,0,17,22,0,0,0,0,3,48,0,0,0,0,0,0,0,0,0,1,1,2,0,0,0,0,0,0,0,0,0,0,0,0,0,0,0,0,0,0,0,0,0,0,0,1,2,0,0,0,0,0,0,0,0,0,0,0,0,0,0,0,0,0,0,0,0,0,0,0,0,0,11.677,0.2534,-0.00025085,1.1500000000000001e-07,0,-705.78,141.33
40,c4_rad,F[C](F)C(F)(F)C(F)(F)C(F)(F)F,Unk,c4_rad.png,2,0,9,0,0,0,0,12,0,0,0,4,9,0,3,0,0,0,0,0,0,9,14,0,0,0,0,1,24,0,0,0,0,0,0,0,0,0,0,0,0,0,0,0,0,0,0,0,0,0,0,0,0,0,0,0,0,0,0,0,0,0,0,0,0,0,0,0,0,0,0,0,0,0,0,0,0,0,0,0,0,0,0,0,0,0,0,0,0,0,0,8.816,0.15248,-0.00015088,6.880000000000001e-08,0,-409.98,114.89
41,c2f4h2o_prod,OC(F)(F)C(F)F,PFOH,c2f4h2o_prod.png,2,0,4,0,1,2,0,8,0,0,1,2,4,0,1,0,0,0,0,0,0,0,4,0,0,0,0,0,12,0,0,0,0,0,0,0,0,0,1,0,2,0,0,0,0,0,1,2,0,0,0,0,0,0,0,0,0,0,0,0,0,0,0,0,1,2,0,0,0,0,1,0,0,0,0,0,0,0,0,0,0,0,0,0,0,0,0,0,0,0,0,4.0754,0.088753,-7.97e-05,3.4400000000000004e-08,0,-264.63,80.947
42,c5f11oh,OC(F)(F)C(F)(F)C(F)(F)C(F)(F)C(F)(F)F,PFOH,c5f11oh.png,4,0,11,0,1,1,0,17,0,0,1,5,11,0,4,0,0,0,0,0,0,13,18,0,0,0,0,2,39,0,0,0,0,0,0,0,0,0,1,1,2,0,0,0,0,0,0,0,0,0,0,0,0,0,0,0,0,0,0,0,0,0,0,0,1,2,0,0,0,0,0,0,0,0,0,0,0,0,0,0,0,0,0,0,0,0,0,0,0,0,0,10.013,0.21486000000000002,-0.00021245000000000001,9.73e-08,0,-608.21,127.61
43,pfpnal,O=C(F)C(F)(F)C(F)(F)C(F)(F)C(F)(F)F,PFAL,pfpnal.png,3,1,10,1,0,0,1,14,1,1,0,4,9,1,3,0,0,0,0,0,0,9,14,1,2,0,0,1,33,0,0,0,0,1,0,2,0,0,0,0,0,0,0,0,0,0,0,0,0,0,0,0,0,1,2,0,0,0,0,0,0,0,0,0,0,0,0,0,0,0,0,0,0,0,0,0,0,0,0,0,0,0,0,0,0,0,0,0,0,0,0,10.555,0.18749000000000002,-0.00018403,8.360000000000001e-08,0,-526.63,123.47
44,pfoa,O=C(O)C(F)(F)C(F)(F)C(F)(F)C(F)(F)C(F)(F)C(F)(F)C(F)(F)F,PFCA,pfoa.png,6,1,15,2,0,1,0,24,1,1,0,7,15,1,6,0,0,0,0,0,0,21,26,1,2,0,0,4,62,0,1,1,1,1,2,2,1,1,0,0,0,0,0,0,0,0,0,0,0,0,0,0,0,0,0,0,0,0,0,0,0,0,0,0,0,0,0,0,0,0,0,0,0,0,0,0,0,0,0,0,0,0,0,0,0,0,0,0,0,0,0,14.427,0.3131,-0.00030747,1.4010000000000002e-07,0,0.0,165.67
45,c2f4,FC(F)=C(F)F,Unk,c2f4.png,0,2,4,0,0,0,4,4,0,1,0,0,0,0,0,1,0,0,0,0,0,0,0,0,0,0,0,0,4,0,0,0,0,0,0,0,0,0,0,0,0,0,0,0,0,0,0,0,0,0,0,0,0,0,0,0,0,0,0,0,0,0,0,0,0,0,0,0,0,4,0,0,0,0,0,0,0,0,0,0,0,0,0,0,0,0,0,0,0,0,0,4.9648,0.061891999999999996,-6.2e-05,2.9e-08,0,-160.29,73.976691
46,heptene,FC(F)=C(F)C(F)(F)C(F)(F)C(F)(F)C(F)(F)C(F)(F)F,Unk,heptene.png,4,2,14,0,0,0,3,19,0,1,0,5,11,1,4,1,0,2,0,1,0,13,18,1,2,0,0,2,46,0,0,0,0,0,0,0,0,0,0,0,0,0,0,0,0,0,0,0,0,0,0,0,0,1,2,0,0,0,0,0,0,0,0,0,0,0,0,2,0,2,0,0,0,0,0,0,0,0,0,0,0,0,0,0,0,0,0,0,0,0,0,13.372,0.25169,-0.00024804,1.13e-07,0,-665.26,147.34
47,ester,O=C(OC(F)(F)C(F)(F)C(F)(F)F)C(F)(F)F,Unk,ester.png,2,1,10,2,0,0,0,15,1,1,0,4,10,1,2,0,0,0,0,0,0,5,10,0,0,0,0,0,29,0,1,0,0,0,3,3,0,0,0,0,0,0,0,0,0,0,0,0,0,0,0,0,0,0,0,0,1,1,2,0,1,0,1,2,0,0,0,0,0,0,0,0,0,0,0,0,0,0,0,1,0,0,0,0,0,0,0,0,0,0,0,9.7623,0.20242000000000002,-0.00019772,8.94e-08,0,0.0,131.11
48,c2f4o,O=C(F)C(F)(F)F,PFAL,c2f4o.png,0,1,4,1,0,0,1,5,1,1,0,1,3,1,0,0,0,0,0,0,0,0,0,0,0,0,0,0,6,0,0,0,0,0,0,3,0,0,0,0,0,0,0,0,0,0,0,0,0,0,0,0,0,0,3,0,0,0,0,0,0,0,0,0,0,0,0,0,0,0,0,0,0,0,0,0,0,0,0,0,0,0,0,0,0,0,0,0,0,0,0,5.197,0.07319099999999999,-7.0516e-05,3.17e-08,0,-246.94,79.899
49,1H_butane,FC(F)C(F)(F)C(F)(F)C(F)(F)F,Unk,1H_butane.png,2,0,9,0,0,1,0,13,0,0,0,4,9,0,3,0,0,0,0,0,0,9,14,0,0,0,0,1,27,0,0,0,0,0,0,0,0,0,0,0,0,0,0,0,0,0,1,2,1,0,0,0,0,0,0,0,0,0,0,0,0,0,0,0,0,0,0,0,0,0,0,0,0,0,0,0,0,0,0,0,0,0,0,0,0,0,0,0,0,0,0,7.3837,0.15771000000000002,-0.00014929,6.61e-08,0,0.0,108.5
50,61_heptene,C=C(F)C(F)(F)C(F)(F)C(F)(F)C(F)(F)C(F)(F)F,Unk,61_heptene.png,4,2,12,0,0,2,1,19,0,1,0,5,11,1,4,1,2,2,0,1,0,13,18,1,2,2,0,2,46,0,0,0,0,0,0,0,0,0,0,0,0,0,0,0,0,0,0,0,0,0,0,0,0,1,2,0,0,0,0,0,0,0,0,0,0,0,0,0,0,0,0,0,2,0,0,0,0,0,0,0,0,0,0,0,0,0,0,0,0,0,0,9.3318,0.24725000000000003,-0.00023855,1.077e-07,0,0.0,137.79
51,c2f5oh,OC(F)(F)C(F)(F)F,PFOH,c2f5oh.png,1,0,5,0,1,1,0,8,0,0,1,2,5,0,1,0,0,0,0,0,0,0,6,0,0,0,0,0,12,0,0,0,0,0,0,0,0,0,1,0,3,0,0,0,0,0,0,0,0,0,0,0,0,0,0,0,0,0,0,0,0,0,0,0,1,2,0,0,0,0,0,0,0,0,0,0,0,0,0,0,0,0,0,0,0,0,0,0,0,0,0,4.7496,0.10020000000000001,-9.85e-05,4.52e-08,0,-315.65,84.634
52,c5_rad,F[C](F)C(F)(F)C(F)(F)C(F)(F)C(F)(F)F,Unk,c5_rad.png,3,0,11,0,0,0,0,15,0,0,0,5,11,0,4,0,0,0,0,0,0,13,18,0,0,0,0,2,33,0,0,0,0,0,0,0,0,0,0,0,0,0,0,0,0,0,0,0,0,0,0,0,0,0,0,0,0,0,0,0,0,0,0,0,0,0,0,0,0,0,0,0,0,0,0,0,0,0,0,0,0,0,0,0,0,0,0,0,0,0,0,12.509,0.1821,-0.00017635,7.89e-08,0,-507.44,124.440708
53,pfhxoh,OC(F)(F)C(F)(F)C(F)(F)C(F)(F)C(F)(F)C(F)(F)F,PFOH,pfhxoh.png,5,0,13,0,1,1,0,20,0,0,1,6,13,0,5,0,0,0,0,0,0,17,22,0,0,0,0,3,48,0,0,0,0,0,0,0,0,0,1,1,2,0,0,0,0,0,0,0,0,0,0,0,0,0,0,0,0,0,0,0,0,0,0,0,1,2,0,0,0,0,0,0,0,0,0,0,0,0,0,0,0,0,0,0,0,0,0,0,0,0,0,11.626,0.25346,-0.00025086,1.149e-07,0,0.0,141.24
54,cf3ccf2,FC(F)=[C]C(F)(F)F,Unk,cf3ccf2.png,0,2,5,0,0,0,2,6,0,1,0,1,3,1,0,1,0,3,0,0,0,0,0,0,0,0,0,0,5,0,0,0,0,0,0,0,0,0,0,0,0,0,0,0,0,0,0,0,0,0,0,0,0,0,0,0,0,0,0,0,0,0,0,0,0,0,0,2,0,0,0,0,0,0,0,0,0,0,0,0,0,0,0,0,0,0,0,0,0,0,0,10.973,0.071301,-6.68e-05,2.93e-08,0,-160.82,90.468
55,frd_903_0HFAts_prod_minusHF,O=C1O[C@]1(OC(F)(F)C(F)(F)C(F)(F)F)C(F)(F)F,Unk,frd_903_0HFAts_prod_minusHF.png,3,1,10,2,1,0,0,18,1,1,0,5,10,1,3,0,0,0,0,0,0,5,10,0,3,0,0,0,41,0,1,0,1,1,0,0,0,0,2,1,5,2,2,1,1,1,0,0,0,0,0,0,0,0,0,0,1,0,3,0,1,0,1,0,0,0,0,0,0,0,0,0,0,0,0,0,0,0,0,0,1,1,1,0,0,0,0,0,0,0,0,9.2867,0.23195000000000002,-0.00022741,1.0300000000000001e-07,0,0.0,138.47
56,1_octane_c8_rad,F[C](F)C(F)(F)C(F)(F)C(F)(F)C(F)(F)C(F)(F)C(F)(F)C(F)(F)F,Unk,1_octane_c8_rad.png,6,0,17,0,0,0,0,24,0,0,0,8,17,0,7,0,0,0,0,0,0,25,30,0,0,0,0,5,60,0,0,0,0,0,0,0,0,0,0,0,0,0,0,0,0,0,0,0,0,0,0,0,0,0,0,0,0,0,0,0,0,0,0,0,0,0,0,0,0,0,0,0,0,0,0,0,0,0,0,0,0,0,0,0,0,0,0,0,0,0,0,15.505,0.30662,-0.00030447,1.3900000000000001e-07,0,-800.34,166.66
57,pfooh,OC(F)(F)C(F)(F)C(F)(F)C(F)(F)C(F)(F)C(F)(F)C(F)(F)C(F)(F)F,PFOH,pfooh.png,7,0,17,0,1,1,0,26,0,0,1,8,17,0,7,0,0,0,0,0,0,25,30,0,0,0,0,5,66,0,0,0,0,0,0,0,0,0,1,1,2,0,0,0,0,0,0,0,0,0,0,0,0,0,0,0,0,0,0,0,0,0,0,0,1,2,0,0,0,0,0,0,0,0,0,0,0,0,0,0,0,0,0,0,0,0,0,0,0,0,0,14.773,0.33121,-0.00032852,1.506e-07,0,0.0,168.24
58,pfeoh,OC(F)(F)C(F)(F)F,PFOH,pfeoh.png,1,0,5,0,1,1,0,8,0,0,1,2,5,0,1,0,0,0,0,0,0,0,6,0,0,0,0,0,12,0,0,0,0,0,0,0,0,0,1,0,3,0,0,0,0,0,0,0,0,0,0,0,0,0,0,0,0,0,0,0,0,0,0,0,1,2,0,0,0,0,0,0,0,0,0,0,0,0,0,0,0,0,0,0,0,0,0,0,0,0,0,4.6897,0.10029,-9.858000000000001e-05,4.52e-08,0,0.0,84.567
59,52rh,CCC(F)(F)C(F)(F)C(F)(F)C(F)(F)C(F)(F)F,Unk,52rh.png,5,0,11,0,0,5,0,22,0,0,0,7,11,0,6,0,0,0,0,0,0,17,18,0,0,0,0,4,54,0,0,0,0,0,0,0,0,0,0,0,0,0,0,0,0,0,5,4,5,0,6,0,0,0,0,0,0,0,0,0,0,0,0,0,0,0,0,0,0,0,0,0,0,0,0,0,0,0,0,0,0,0,0,0,0,0,0,0,0,0,0,9.1028,0.24061000000000002,-0.00021253,9.04e-08,0,0.0,135.87
60,1H_hexane,FC(F)C(F)(F)C(F)(F)C(F)(F)C(F)(F)C(F)(F)F,Unk,1H_hexane.png,4,0,13,0,0,1,0,19,0,0,0,6,13,0,5,0,0,0,0,0,0,17,22,0,0,0,0,3,45,0,0,0,0,0,0,0,0,0,0,0,0,0,0,0,0,0,1,2,1,0,0,0,0,0,0,0,0,0,0,0,0,0,0,0,0,0,0,0,0,0,0,0,0,0,0,0,0,0,0,0,0,0,0,0,0,0,0,0,0,0,0,10.97,0.23395000000000002,-0.00022503,1.008e-07,0,0.0,136.86
61,62rh,CCC(F)(F)C(F)(F)C(F)(F)C(F)(F)C(F)(F)C(F)(F)F,Unk,62rh.png,6,0,13,0,0,5,0,25,0,0,0,8,13,0,7,0,0,0,0,0,0,21,22,0,0,0,0,5,63,0,0,0,0,0,0,0,0,0,0,0,0,0,0,0,0,0,5,4,5,0,6,0,0,0,0,0,0,0,0,0,0,0,0,0,0,0,0,0,0,0,0,0,0,0,0,0,0,0,0,0,0,0,0,0,0,0,0,0,0,0,0,10.821,0.279,-0.00025075,1.0790000000000001e-07,0,0.0,149.64
62,22ftoh,OCCC(F)(F)C(F)(F)F,FTOH,22ftoh.png,3,0,5,0,1,5,0,14,0,0,1,4,5,0,3,0,0,0,0,0,0,5,6,0,0,0,0,1,30,0,0,0,0,0,0,0,0,0,1,1,0,0,0,0,0,0,4,4,4,0,4,0,0,0,0,0,0,0,0,0,0,0,0,0,1,0,0,0,0,0,2,2,0,0,0,0,0,0,0,0,0,0,0,0,0,0,0,0,0,0,0,5.3206,0.13602,-0.00010839,4.2500000000000003e-08,0,0.0,100.02
63,cfoh3,OC(O)(O)F,Unk,cfoh3.png,3,0,1,0,3,3,0,7,0,0,3,1,1,0,0,0,0,0,0,0,0,0,0,0,0,0,0,0,9,0,0,0,0,0,0,0,0,0,3,0,0,0,0,0,0,0,0,0,0,0,0,0,0,0,0,0,0,0,0,0,0,0,0,0,0,3,0,0,0,0,0,0,0,0,0,0,0,0,0,0,0,0,0,6,0,0,0,0,0,0,0,2.55,0.07926799999999999,-7.59e-05,3.5200000000000004e-08,0,-207.12,71.934
64,cooh2,O=C(O)O,Unk,cooh2.png,0,1,0,3,0,2,0,4,1,1,0,0,0,0,0,0,0,0,0,0,0,0,0,0,0,0,0,0,4,0,2,2,0,0,0,0,0,2,0,0,0,0,0,0,0,0,0,0,0,0,0,0,0,0,0,0,0,0,0,2,0,0,0,0,0,0,0,0,0,0,0,0,0,0,0,0,0,0,0,0,0,0,0,0,0,0,0,0,0,0,0,1.5339,0.053253999999999996,-4.67e-05,2.0200000000000002e-08,0,-145.57,64.209
65,1_butane,O=C(O)C(F)(F)C(F)(F)C(F)(F)F,PFCA,1_butane.png,2,1,7,2,0,1,0,12,1,1,0,3,7,1,2,0,0,0,0,0,0,5,10,1,2,0,0,0,26,0,1,1,1,1,2,2,1,1,0,0,0,0,0,0,0,0,0,0,0,0,0,0,0,0,0,0,0,0,0,0,0,0,0,0,0,0,0,0,0,0,0,0,0,0,0,0,0,0,0,0,0,0,0,0,0,0,0,0,0,0,0,7.4932,0.15978,-0.00015489,7.02e-08,0,-430.68,110.04
66,1H_propane,FC(F)C(F)(F)C(F)(F)F,Unk,1H_propane.png,1,0,7,0,0,1,0,10,0,0,0,3,7,0,2,0,0,0,0,0,0,5,10,0,0,0,0,0,18,0,0,0,0,0,0,0,0,0,0,0,0,0,0,0,0,0,1,2,1,0,0,0,0,0,0,0,0,0,0,0,0,0,0,0,0,0,0,0,0,0,0,0,0,0,0,0,0,0,0,0,0,0,0,0,0,0,0,0,0,0,0,5.93,0.11846000000000001,-0.00010999,4.81e-08,0,0.0,95.578
67,n_octane_twisted,FC(F)(F)C(F)(F)C(F)(F)C(F)(F)C(F)(F)C(F)(F)C(F)(F)C(F)(F)F,Unk,n_octane_twisted.png,5,0,18,0,0,0,0,25,0,0,0,8,18,0,7,0,0,0,0,0,0,26,32,0,0,0,0,5,63,0,0,0,0,0,0,0,0,0,0,0,0,0,0,0,0,0,0,0,0,0,0,0,0,0,0,0,0,0,0,0,0,0,0,0,0,0,0,0,0,0,0,0,0,0,0,0,0,0,0,0,0,0,0,0,0,0,0,0,0,0,0,14.412,0.32398000000000005,-0.00032223,1.48e-07,0,-909.28,166.526512
68,c4f9oh,OC(F)(F)C(F)(F)C(F)(F)C(F)(F)F,PFOH,c4f9oh.png,3,0,9,0,1,1,0,14,0,0,1,4,9,0,3,0,0,0,0,0,0,9,14,0,0,0,0,1,30,0,0,0,0,0,0,0,0,0,1,1,2,0,0,0,0,0,0,0,0,0,0,0,0,0,0,0,0,0,0,0,0,0,0,0,1,2,0,0,0,0,0,0,0,0,0,0,0,0,0,0,0,0,0,0,0,0,0,0,0,0,0,8.3241,0.17634000000000002,-0.00017406,7.97e-08,0,-510.19,113.68
69,cf2o_2h2oprod,O.OC(O)(F)F,Unk,cf2o_2h2oprod.png,2,0,2,0,3,4,0,8,0,0,4,1,2,0,0,0,0,0,0,0,0,0,0,0,0,0,0,0,6,0,0,0,0,0,0,0,0,0,2,0,0,0,0,0,0,0,0,0,0,0,0,0,0,0,0,0,0,0,0,0,0,0,0,0,0,4,0,0,0,0,0,0,0,0,0,0,0,0,0,0,0,0,0,2,0,0,0,0,0,0,0,8.1811,0.088948,-8.59e-05,4.05e-08,0,-295.56,88.046
70,32ftoh,OCCC(F)(F)C(F)(F)C(F)(F)F,FTOH,32ftoh.png,4,0,7,0,1,5,0,17,0,0,1,5,7,0,4,0,0,0,0,0,0,9,10,0,0,0,0,2,39,0,0,0,0,0,0,0,0,0,1,1,0,0,0,0,0,0,4,4,4,0,4,0,0,0,0,0,0,0,0,0,0,0,0,0,1,0,0,0,0,0,2,2,0,0,0,0,0,0,0,0,0,0,0,0,0,0,0,0,0,0,0,7.1538,0.17364000000000002,-0.00014538,5.93e-08,0,0.0,118.37
71,butene_OH,OC(F)(F)[C](F)C(F)(F)C(F)(F)F,Unk,butene_OH.png,3,0,8,0,1,1,0,13,0,0,1,4,8,0,3,0,0,0,0,0,0,8,10,0,0,0,0,1,24,0,0,0,0,0,0,0,0,0,1,1,1,0,0,0,0,0,0,0,0,0,0,0,0,0,0,0,0,0,0,0,0,0,0,0,1,2,0,0,0,0,0,0,0,0,0,0,0,0,0,0,0,0,0,0,0,0,0,0,0,0,0,8.959,0.16092,-0.00015895000000000001,7.29e-08,0,-419.97,44.901
72,pfhpa,O=C(O)C(F)(F)C(F)(F)C(F)(F)C(F)(F)C(F)(F)C(F)(F)F,PFCA,pfhpa.png,5,1,13,2,0,1,0,21,1,1,0,6,13,1,5,0,0,0,0,0,0,17,22,1,2,0,0,3,53,0,1,1,1,1,2,2,1,1,0,0,0,0,0,0,0,0,0,0,0,0,0,0,0,0,0,0,0,0,0,0,0,0,0,0,0,0,0,0,0,0,0,0,0,0,0,0,0,0,0,0,0,0,0,0,0,0,0,0,0,0,0,12.704,0.27473000000000003,-0.00026927,1.226e-07,0,0.0,151.73
73,hexane1H,FC(F)C(F)(F)C(F)(F)C(F)(F)C(F)(F)C(F)(F)F,Unk,hexane1H.png,4,0,13,0,0,1,0,19,0,0,0,6,13,0,5,0,0,0,0,0,0,17,22,0,0,0,0,3,45,0,0,0,0,0,0,0,0,0,0,0,0,0,0,0,0,0,1,2,1,0,0,0,0,0,0,0,0,0,0,0,0,0,0,0,0,0,0,0,0,0,0,0,0,0,0,0,0,0,0,0,0,0,0,0,0,0,0,0,0,0,0,10.96,0.23396000000000003,-0.00022504,1.01e-07,0,-654.01,136.85
74,1H_decane,FC(F)C(F)(F)C(F)(F)C(F)(F)C(F)(F)C(F)(F)C(F)(F)C(F)(F)C(F)(F)C(F)(F)F,Unk,1H_decane.png,8,0,21,0,0,1,0,31,0,0,0,10,21,0,9,0,0,0,0,0,0,33,38,0,0,0,0,7,81,0,0,0,0,0,0,0,0,0,0,0,0,0,0,0,0,0,1,2,1,0,0,0,0,0,0,0,0,0,0,0,0,0,0,0,0,0,0,0,0,0,0,0,0,0,0,0,0,0,0,0,0,0,0,0,0,0,0,0,0,0,0,17.974,0.38707,-0.00037737000000000003,1.706e-07,0,0.0,193.25
75,71_octene,C=C(F)C(F)(F)C(F)(F)C(F)(F)C(F)(F)C(F)(F)C(F)(F)F,Unk,71_octene.png,5,2,14,0,0,2,1,22,0,1,0,6,13,1,5,1,2,2,0,1,0,17,22,1,2,2,0,3,55,0,0,0,0,0,0,0,0,0,0,0,0,0,0,0,0,0,0,0,0,0,0,0,0,1,2,0,0,0,0,0,0,0,0,0,0,0,0,0,0,0,0,0,2,0,0,0,0,0,0,0,0,0,0,0,0,0,0,0,0,0,0,11.221,0.28505,-0.00027604,1.2490000000000001e-07,0,0.0,152.36
76,cbutane,FC1(F)C(F)(F)C(F)(F)C1(F)F,Unk,cbutane.png,0,0,8,0,0,0,0,12,0,0,0,4,8,0,4,0,0,0,0,0,0,16,16,0,0,0,0,4,36,0,0,0,0,0,0,0,0,0,0,0,0,0,0,0,0,0,0,0,0,0,0,0,0,0,0,0,0,0,0,0,0,0,0,0,0,0,0,0,0,0,0,0,0,0,0,0,0,0,0,0,0,0,0,0,0,0,0,0,0,0,0,6.2333,0.14106000000000002,-0.00013679,6.140000000000001e-08,0,-370.51,96.448287
77,heptane,FC(F)(F)C(F)(F)C(F)(F)C(F)(F)C(F)(F)C(F)(F)C(F)(F)F,Unk,heptane.png,4,0,16,0,0,0,0,22,0,0,0,7,16,0,6,0,0,0,0,0,0,22,28,0,0,0,0,4,54,0,0,0,0,0,0,0,0,0,0,0,0,0,0,0,0,0,0,0,0,0,0,0,0,0,0,0,0,0,0,0,0,0,0,0,0,0,0,0,0,0,0,0,0,0,0,0,0,0,0,0,0,0,0,0,0,0,0,0,0,0,0,13.078,0.28431,-0.00028241000000000003,1.29e-07,0,-811.67,153.808976
78,hexane,FC(F)(F)C(F)(F)C(F)(F)C(F)(F)C(F)(F)C(F)(F)F,Unk,hexane.png,3,0,14,0,0,0,0,19,0,0,0,6,14,0,5,0,0,0,0,0,0,18,24,0,0,0,0,3,45,0,0,0,0,0,0,0,0,0,0,0,0,0,0,0,0,0,0,0,0,0,0,0,0,0,0,0,0,0,0,0,0,0,0,0,0,0,0,0,0,0,0,0,0,0,0,0,0,0,0,0,0,0,0,0,0,0,0,0,0,0,0,11.36,0.24597000000000002,-0.00024426,1.117e-07,0,-713.26,139.81
79,32rh,CCC(F)(F)C(F)(F)C(F)(F)F,Unk,32rh.png,3,0,7,0,0,5,0,16,0,0,0,5,7,0,4,0,0,0,0,0,0,9,10,0,0,0,0,2,36,0,0,0,0,0,0,0,0,0,0,0,0,0,0,0,0,0,5,4,5,0,6,0,0,0,0,0,0,0,0,0,0,0,0,0,0,0,0,0,0,0,0,0,0,0,0,0,0,0,0,0,0,0,0,0,0,0,0,0,0,0,0,5.7499,0.1636,-0.00013583,5.5200000000000005e-08,0,0.0,108.8
80,c2f3_o,O=C(F)[C](F)F,Unk,c2f3_o.png,1,1,3,1,0,0,1,4,1,1,0,1,2,1,0,0,0,0,0,0,0,0,0,0,0,0,0,0,4,0,0,0,0,0,0,2,0,0,0,0,0,0,0,0,0,0,0,0,0,0,0,0,0,0,2,0,0,0,0,0,0,0,0,0,0,0,0,0,0,0,0,0,0,0,0,0,0,0,0,0,0,0,0,0,0,0,0,0,0,0,0,7.1063,0.052812,-4.91e-05,2.15e-08,0,-146.25,76.899
81,43_ftca,O=C(O)CCC(F)(F)C(F)(F)C(F)(F)C(F)(F)F,FTCA,43_ftca.png,5,1,9,2,0,5,0,21,1,1,0,6,9,1,5,0,0,0,0,0,0,13,14,1,0,0,0,3,53,0,1,1,1,1,0,0,1,1,0,0,0,0,0,0,0,0,4,4,4,2,4,2,2,0,0,0,0,0,0,0,0,0,0,0,0,0,0,0,0,0,0,0,0,0,0,0,0,0,0,0,0,0,0,0,0,0,0,0,0,0,0,7.2844,0.24349,-0.00021528,9.16e-08,0,0.0,140.15
82,1H_pentane,FC(F)C(F)(F)C(F)(F)C(F)(F)C(F)(F)F,Unk,1H_pentane.png,3,0,11,0,0,1,0,16,0,0,0,5,11,0,4,0,0,0,0,0,0,13,18,0,0,0,0,2,36,0,0,0,0,0,0,0,0,0,0,0,0,0,0,0,0,0,1,2,1,0,0,0,0,0,0,0,0,0,0,0,0,0,0,0,0,0,0,0,0,0,0,0,0,0,0,0,0,0,0,0,0,0,0,0,0,0,0,0,0,0,0,9.3716,0.19518000000000002,-0.00018634,8.3e-08,0,0.0,123.17
83,c3f7oh,OC(F)(F)C(F)(F)C(F)(F)F,PFOH,c3f7oh.png,2,0,7,0,1,1,0,11,0,0,1,3,7,0,2,0,0,0,0,0,0,5,10,0,0,0,0,0,21,0,0,0,0,0,0,0,0,0,1,1,2,0,0,0,0,0,0,0,0,0,0,0,0,0,0,0,0,0,0,0,0,0,0,0,1,2,0,0,0,0,0,0,0,0,0,0,0,0,0,0,0,0,0,0,0,0,0,0,0,0,0,6.8733,0.13708,-0.0001347,6.16e-08,0,-412.21,101.53
84,propene,FC(F)=C(F)C(F)(F)F,Unk,propene.png,0,2,6,0,0,0,3,7,0,1,0,1,3,1,0,1,0,3,0,0,0,0,0,0,0,0,0,0,10,0,0,0,0,0,0,0,0,0,0,0,0,0,0,0,0,0,0,0,0,0,0,0,0,0,3,0,0,0,0,0,0,0,0,0,0,0,0,2,0,2,0,0,0,0,0,0,0,0,0,0,0,0,0,0,0,0,0,0,0,0,0,6.3689,0.09903,-9.65e-05,4.37e-08,0,-264.42,89.765305
85,butane1H,FC(F)C(F)(F)C(F)(F)C(F)(F)F,Unk,butane1H.png,2,0,9,0,0,1,0,13,0,0,0,4,9,0,3,0,0,0,0,0,0,9,14,0,0,0,0,1,27,0,0,0,0,0,0,0,0,0,0,0,0,0,0,0,0,0,1,2,1,0,0,0,0,0,0,0,0,0,0,0,0,0,0,0,0,0,0,0,0,0,0,0,0,0,0,0,0,0,0,0,0,0,0,0,0,0,0,0,0,0,0,7.3881,0.1577,-0.00014927,6.61e-08,0,-458.61,108.51
86,cfoh_cis,O[C]F,Unk,cfoh_cis.png,1,0,1,0,1,1,0,3,0,0,1,1,1,0,0,0,0,0,0,0,0,0,0,0,0,0,0,0,1,0,0,0,0,0,0,0,0,0,1,0,0,0,0,0,0,0,0,0,0,0,0,0,0,0,0,0,0,0,0,0,0,0,0,0,0,1,0,0,0,0,0,0,0,0,0,0,0,0,0,0,0,0,0,0,0,0,0,0,0,0,0,3.9553000000000003,0.027275999999999998,-2.21e-05,8.800000000000001e-09,0,-159.77,59.289
87,1_hexane,O=C(O)C(F)(F)C(F)(F)C(F)(F)C(F)(F)C(F)(F)F,PFCA,1_hexane.png,4,1,11,2,0,1,0,18,1,1,0,5,11,1,4,0,0,0,0,0,0,13,18,1,2,0,0,2,44,0,1,1,1,1,2,2,1,1,0,0,0,0,0,0,0,0,0,0,0,0,0,0,0,0,0,0,0,0,0,0,0,0,0,0,0,0,0,0,0,0,0,0,0,0,0,0,0,0,0,0,0,0,0,0,0,0,0,0,0,0,0,10.971,0.23643000000000003,-0.00023117,1.05e-07,0,-627.8,137.71
88,32_pentene,C=CC(F)(F)C(F)(F)C(F)(F)F,Unk,32_pentene.png,2,2,7,0,0,3,0,13,0,1,0,3,7,1,2,1,3,2,2,1,1,5,10,1,2,2,2,0,28,0,0,0,0,0,0,0,0,0,0,0,0,0,0,0,0,0,0,0,0,0,0,0,0,0,0,0,0,0,0,0,0,0,0,0,0,0,0,0,0,0,0,0,0,0,0,0,0,0,0,0,0,0,0,0,0,0,0,0,0,0,0,5.0985,0.16140000000000002,-0.00014732,6.43e-08,0,0.0,105.83
89,butene_2OH,O[C@](F)([C](F)F)C(F)(F)C(F)(F)F,Unk,butene_2OH.png,3,0,8,0,1,1,0,13,0,0,1,4,8,0,3,0,0,0,0,0,0,8,10,0,0,0,0,1,27,0,0,0,0,0,0,0,0,0,1,1,4,0,0,0,0,0,0,0,0,0,0,0,0,0,0,0,0,0,0,0,0,0,0,0,2,1,0,0,0,0,0,0,0,0,0,0,0,0,0,0,0,0,0,0,0,0,0,0,0,0,0,8.3784,0.16198,-0.00015979,7.320000000000001e-08,0,-414.97,44.591
90,c2f5,F[C](F)C(F)(F)F,Unk,c2f5.png,0,0,5,0,0,0,0,6,0,0,0,2,5,0,1,0,0,0,0,0,0,0,6,0,0,0,0,0,6,0,0,0,0,0,0,0,0,0,0,0,0,0,0,0,0,0,0,0,0,0,0,0,0,0,0,0,0,0,0,0,0,0,0,0,0,0,0,0,0,0,0,0,0,0,0,0,0,0,0,0,0,0,0,0,0,0,0,0,0,0,0,5.8156,0.073558,-7.11e-05,3.18e-08,0,-213.0,81.437321
91,e1_minusH,F[C](OC(F)(F)C(F)(F)C(F)(F)F)C(F)(F)F,Unk,e1_minusH.png,3,0,11,0,1,0,0,16,0,0,0,5,11,0,3,0,0,0,0,0,0,5,13,0,0,0,0,0,29,0,0,0,0,0,0,0,0,0,2,1,5,2,3,0,0,0,0,0,0,0,0,0,0,0,0,0,0,0,0,0,0,0,0,0,0,0,0,0,0,0,0,0,0,0,0,0,0,0,0,0,0,0,0,0,0,0,0,0,0,0,0,9.656,0.20642000000000002,-0.00020377,9.27e-08,0,0.0,134.41
92,c3f6o2_ring,FC(F)(F)[C@@]1(F)OOC1(F)F,Unk,c3f6o2_ring.png,0,0,6,0,2,0,0,11,0,0,0,3,6,0,2,0,0,0,0,0,0,5,5,0,0,0,0,0,25,0,0,0,0,0,0,0,0,0,2,1,6,0,0,0,0,0,0,0,0,0,0,0,0,0,0,0,0,0,0,0,0,0,0,0,0,0,0,0,0,0,0,0,0,0,0,1,3,3,0,0,0,0,0,0,1,1,0,0,0,0,0,4.2387,0.13347,-0.00013031,5.87e-08,0,0.0,95.386
93,53_ftca,O=C(O)CCC(F)(F)C(F)(F)C(F)(F)C(F)(F)C(F)(F)F,FTCA,53_ftca.png,6,1,11,2,0,5,0,24,1,1,0,7,11,1,6,0,0,0,0,0,0,17,18,1,0,0,0,4,62,0,1,1,1,1,0,0,1,1,0,0,0,0,0,0,0,0,4,4,4,2,4,2,2,0,0,0,0,0,0,0,0,0,0,0,0,0,0,0,0,0,0,0,0,0,0,0,0,0,0,0,0,0,0,0,0,0,0,0,0,0,0,8.896,0.28228000000000003,-0.00025402,1.094e-07,0,0.0,153.89
94,c3f7,F[C](F)C(F)(F)C(F)(F)F,Unk,c3f7.png,1,0,7,0,0,0,0,9,0,0,0,3,7,0,2,0,0,0,0,0,0,5,10,0,0,0,0,0,15,0,0,0,0,0,0,0,0,0,0,0,0,0,0,0,0,0,0,0,0,0,0,0,0,0,0,0,0,0,0,0,0,0,0,0,0,0,0,0,0,0,0,0,0,0,0,0,0,0,0,0,0,0,0,0,0,0,0,0,0,0,0,7.0521,0.11421,-0.00011277,5.1348,0,-312.05,96.762
95,butene,FC(F)=C(F)C(F)(F)C(F)(F)F,Unk,butene.png,1,2,8,0,0,0,3,10,0,1,0,2,5,1,1,1,0,2,0,1,0,0,6,0,3,0,0,0,19,0,0,0,0,0,0,0,0,0,0,0,0,0,0,0,0,0,0,0,0,0,0,0,0,1,2,0,0,0,0,0,0,0,0,0,0,0,0,2,0,2,0,0,0,0,0,0,0,0,0,0,0,0,0,0,0,0,0,0,0,0,0,8.2447,0.13653,-0.00013345,6.05e-08,0,-371.81,104.398839
96,c8_secondary_rad,F[C](C(F)(F)F)C(F)(F)C(F)(F)C(F)(F)C(F)(F)C(F)(F)C(F)(F)F,Unk,c8_secondary_rad.png,5,0,17,0,0,0,0,24,0,0,0,8,17,0,7,0,0,0,0,0,0,25,27,0,0,0,0,5,57,0,0,0,0,0,0,0,0,0,0,0,0,0,0,0,0,0,0,0,0,0,0,0,0,0,0,0,0,0,0,0,0,0,0,0,0,0,0,0,0,0,0,0,0,0,0,0,0,0,0,0,0,0,0,0,0,0,0,0,0,0,0,15.714,0.30607,-0.00030385,1.3900000000000001e-07,0,-917.28,170.93
97,42ftoh,OCCC(F)(F)C(F)(F)C(F)(F)C(F)(F)F,FTOH,42ftoh.png,5,0,9,0,1,5,0,20,0,0,1,6,9,0,5,0,0,0,0,0,0,13,14,0,0,0,0,3,48,0,0,0,0,0,0,0,0,0,1,1,0,0,0,0,0,0,4,4,4,0,4,0,0,0,0,0,0,0,0,0,0,0,0,0,1,0,0,0,0,0,2,2,0,0,0,0,0,0,0,0,0,0,0,0,0,0,0,0,0,0,0,8.7226,0.21248000000000003,-0.00018413000000000001,7.710000000000001e-08,0,0.0,128.55
98,pfbal,O=C(F)C(F)(F)C(F)(F)C(F)(F)F,PFAL,pfbal.png,2,1,8,1,0,0,1,11,1,1,0,3,7,1,2,0,0,0,0,0,0,5,10,1,2,0,0,0,24,0,0,0,0,1,0,2,0,0,0,0,0,0,0,0,0,0,0,0,0,0,0,0,0,1,2,0,0,0,0,0,0,0,0,0,0,0,0,0,0,0,0,0,0,0,0,0,0,0,0,0,0,0,0,0,0,0,0,0,0,0,0,8.7828,0.14930000000000002,-0.00014605,6.62e-08,0,-427.98,109.8
99,pfboh,OC(F)(F)C(F)(F)C(F)(F)C(F)(F)F,PFOH,pfboh.png,3,0,9,0,1,1,0,14,0,0,1,4,9,0,3,0,0,0,0,0,0,9,14,0,0,0,0,1,30,0,0,0,0,0,0,0,0,0,1,1,2,0,0,0,0,0,0,0,0,0,0,0,0,0,0,0,0,0,0,0,0,0,0,0,1,2,0,0,0,0,0,0,0,0,0,0,0,0,0,0,0,0,0,0,0,0,0,0,0,0,0,8.2726,0.1764,-0.00017407,7.97e-08,0,0.0,113.59
100,cf3oh,OC(F)(F)F,Unk,cf3oh.png,0,0,3,0,1,1,0,5,0,0,1,1,3,0,0,0,0,0,0,0,0,0,0,0,0,0,0,0,3,0,0,0,0,0,0,0,0,0,1,0,0,0,0,0,0,0,0,0,0,0,0,0,0,0,0,0,0,0,0,0,0,0,0,0,0,3,0,0,0,0,0,0,0,0,0,0,0,0,0,0,0,0,0,0,0,0,0,0,0,0,0,2.5913,0.06325599999999999,-6.19e-05,2.85e-08,0,-211.99,69.302
101,c5_secondary_rad,F[C](C(F)(F)F)C(F)(F)C(F)(F)C(F)(F)F,Unk,c5_secondary_rad.png,2,0,11,0,0,0,0,15,0,0,0,5,11,0,4,0,0,0,0,0,0,13,15,0,0,0,0,2,30,0,0,0,0,0,0,0,0,0,0,0,0,0,0,0,0,0,0,0,0,0,0,0,0,0,0,0,0,0,0,0,0,0,0,0,0,0,0,0,0,0,0,0,0,0,0,0,0,0,0,0,0,0,0,0,0,0,0,0,0,0,0,10.623,0.19066000000000002,-0.00018888,8.62e-08,0,-515.44,129.45
102,62_octene,C=CC(F)(F)C(F)(F)C(F)(F)C(F)(F)C(F)(F)C(F)(F)F,Unk,62_octene.png,5,2,13,0,0,3,0,22,0,1,0,6,13,1,5,1,3,2,2,1,1,17,22,1,2,2,2,3,55,0,0,0,0,0,0,0,0,0,0,0,0,0,0,0,0,0,0,0,0,0,0,0,0,0,0,0,0,0,0,0,0,0,0,0,0,0,0,0,0,0,0,0,0,0,0,0,0,0,0,0,0,0,0,0,0,0,0,0,0,0,0,10.416,0.27604,-0.00026132,1.165e-07,0,0.0,147.99
103,1H_undecane,FC(F)C(F)(F)C(F)(F)C(F)(F)C(F)(F)C(F)(F)C(F)(F)C(F)(F)C(F)(F)C(F)(F)C(F)(F)F,Unk,1H_undecane.png,9,0,23,0,0,1,0,34,0,0,0,11,23,0,10,0,0,0,0,0,0,37,42,0,0,0,0,8,90,0,0,0,0,0,0,0,0,0,0,0,0,0,0,0,0,0,1,2,1,0,0,0,0,0,0,0,0,0,0,0,0,0,0,0,0,0,0,0,0,0,0,0,0,0,0,0,0,0,0,0,0,0,0,0,0,0,0,0,0,0,0,19.677,0.42541,-0.00041548,1.8800000000000002e-07,0,0.0,206.63
104,33_ftca,O=C(O)CCC(F)(F)C(F)(F)C(F)(F)F,FTCA,33_ftca.png,4,1,7,2,0,5,0,18,1,1,0,5,7,1,4,0,0,0,0,0,0,9,10,1,0,0,0,2,44,0,1,1,1,1,0,0,1,1,0,0,0,0,0,0,0,0,4,4,4,2,4,2,2,0,0,0,0,0,0,0,0,0,0,0,0,0,0,0,0,0,0,0,0,0,0,0,0,0,0,0,0,0,0,0,0,0,0,0,0,0,0,5.6588,0.20479000000000003,-0.00017668,7.39e-08,0,0.0,127.08
105,cf2o_oh,[O]C(O)(F)F,Unk,cf2o_oh.png,1,0,2,0,2,1,0,5,0,0,1,1,2,0,0,0,0,0,0,0,0,0,0,0,0,0,0,0,3,0,0,0,0,0,0,0,0,0,2,0,0,0,0,0,0,0,0,0,0,0,0,0,0,0,0,0,0,0,0,0,0,0,0,0,0,2,0,0,0,0,0,0,0,0,0,0,0,0,0,0,0,0,0,1,0,0,0,0,0,0,0,2.885,0.063918,-6.36e-05,2.96e-08,0,0.0,70.725
106,tfcof,O=C(F)C(F)(F)F,PFAL,tfcof.png,0,1,4,1,0,0,1,5,1,1,0,1,3,1,0,0,0,0,0,0,0,0,0,0,0,0,0,0,6,0,0,0,0,0,0,3,0,0,0,0,0,0,0,0,0,0,0,0,0,0,0,0,0,0,3,0,0,0,0,0,0,0,0,0,0,0,0,0,0,0,0,0,0,0,0,0,0,0,0,0,0,0,0,0,0,0,0,0,0,0,0,5.1967,0.073193,-7.0524e-05,3.17e-08,0,0.0,79.91
107,lactone,O=C1OC1(F)F,Unk,lactone.png,0,1,2,2,0,0,0,5,1,1,0,1,2,1,0,0,0,0,0,0,0,0,0,0,0,0,0,0,8,0,1,0,0,0,2,2,0,0,0,0,0,0,0,0,0,0,0,0,0,0,0,0,0,0,0,0,1,0,0,0,1,0,0,2,0,0,0,0,0,0,0,0,0,0,0,0,0,0,0,0,0,1,0,0,0,0,0,0,0,0,0,3.2354,0.064148,-6.22e-05,2.82e-08,0,-139.22,71.645
108,co2h,O=[C]O,Unk,co2h.png,1,1,0,2,0,1,0,2,1,1,0,0,0,0,0,0,0,0,0,0,0,0,0,0,0,0,0,0,1,0,1,1,0,0,0,0,0,1,0,0,0,0,0,0,0,0,0,0,0,0,0,0,0,0,0,0,0,0,0,0,0,0,0,0,0,0,0,0,0,0,0,0,0,0,0,0,0,0,0,0,0,0,0,0,0,0,0,0,0,0,0,5.1135,0.022545,-1.7e-05,6.5e-09,0,-45.14,60.148
109,c3f6o,FC(F)(F)[C@@]1(F)OC1(F)F,Unk,c3f6o.png,0,0,6,0,1,0,0,10,0,0,0,3,6,0,2,0,0,0,0,0,0,5,5,0,0,0,0,0,21,0,0,0,0,0,0,0,0,0,2,1,6,1,3,0,0,0,0,0,0,0,0,0,0,0,0,0,0,0,0,0,0,0,0,0,0,0,0,0,0,0,0,0,0,0,0,0,0,0,0,0,0,0,0,0,0,0,0,0,0,0,0,4.2664,0.11981000000000001,-0.00011762,5.33e-08,0,-337.64,91.474
110,pfproh,OC(F)(F)C(F)(F)C(F)(F)F,PFOH,pfproh.png,2,0,7,0,1,1,0,11,0,0,1,3,7,0,2,0,0,0,0,0,0,5,10,0,0,0,0,0,21,0,0,0,0,0,0,0,0,0,1,1,2,0,0,0,0,0,0,0,0,0,0,0,0,0,0,0,0,0,0,0,0,0,0,0,1,2,0,0,0,0,0,0,0,0,0,0,0,0,0,0,0,0,0,0,0,0,0,0,0,0,0,7.862,0.13770000000000002,-0.0001379,6.4e-08,0,0.0,101.57
111,pfhxcof,O=C(F)C(F)(F)C(F)(F)C(F)(F)C(F)(F)C(F)(F)F,PFAL,pfhxcof.png,4,1,12,1,0,0,1,17,1,1,0,5,11,1,4,0,0,0,0,0,0,13,18,1,2,0,0,2,42,0,0,0,0,1,0,2,0,0,0,0,0,0,0,0,0,0,0,0,0,0,0,0,0,1,2,0,0,0,0,0,0,0,0,0,0,0,0,0,0,0,0,0,0,0,0,0,0,0,0,0,0,0,0,0,0,0,0,0,0,0,0,12.286,0.22581,-0.00022214,1.01e-07,0,0.0,137.55
112,epoxide,FC1(F)OC1(F)F,Unk,epoxide.png,0,0,4,0,1,0,0,7,0,0,0,2,4,0,1,0,0,0,0,0,0,0,4,0,0,0,0,0,12,0,0,0,0,0,0,0,0,0,2,0,4,0,4,0,0,0,0,0,0,0,0,0,0,0,0,0,0,0,0,0,0,0,0,0,0,0,0,0,0,0,0,0,0,0,0,0,0,0,0,0,0,0,0,0,0,0,0,0,0,0,0,2.7566,0.08143399999999999,-7.989999999999999e-05,3.63e-08,0,-230.5,76.054
113,c6_rad,F[C](F)C(F)(F)C(F)(F)C(F)(F)C(F)(F)C(F)(F)F,Unk,c6_rad.png,4,0,13,0,0,0,0,18,0,0,0,6,13,0,5,0,0,0,0,0,0,17,22,0,0,0,0,3,42,0,0,0,0,0,0,0,0,0,0,0,0,0,0,0,0,0,0,0,0,0,0,0,0,0,0,0,0,0,0,0,0,0,0,0,0,0,0,0,0,0,0,0,0,0,0,0,0,0,0,0,0,0,0,0,0,0,0,0,0,0,0,14.833,0.21805000000000002,-0.00021118,9.44e-08,0,-605.04,138.77868
114,2_pentene,F/C(=C(/F)C(F)(F)C(F)(F)F)C(F)(F)F,Unk,2_pentene.png,1,2,10,0,0,0,2,13,0,1,0,3,8,2,1,1,0,5,0,1,0,0,6,0,3,0,0,0,25,0,0,0,0,0,0,0,0,0,0,0,0,0,0,0,0,0,0,0,0,0,0,0,0,1,5,0,0,0,0,0,0,0,0,0,0,0,0,2,1,1,0,0,0,0,0,0,0,0,0,0,0,0,0,0,0,0,0,0,0,0,0,9.1206,0.17742000000000002,-0.00017433,7.920000000000001e-08,0,-478.17,119.98
115,frd_903_carbF_OH,[O]C(O)(F)[C@](F)(OC(F)(F)C(F)(F)C(F)(F)F)C(F)(F)F,Unk,frd_903_carbF_OH.png,5,0,12,0,3,1,0,21,0,0,1,6,12,0,4,0,0,0,0,0,0,9,14,0,0,0,0,0,45,0,0,0,0,0,0,0,0,0,4,3,8,3,3,0,0,0,0,0,0,0,0,0,0,0,0,0,0,0,0,0,0,0,0,0,1,1,0,0,0,0,0,0,0,0,0,0,0,0,0,0,0,0,0,1,2,0,0,0,0,0,0,11.034,0.27026,-0.00026829,1.23e-07,0,0.0,148.82
116,22rh,CCC(F)(F)C(F)(F)F,Unk,22rh.png,2,0,5,0,0,5,0,13,0,0,0,4,5,0,3,0,0,0,0,0,0,5,6,0,0,0,0,1,27,0,0,0,0,0,0,0,0,0,0,0,0,0,0,0,0,0,5,4,5,0,6,0,0,0,0,0,0,0,0,0,0,0,0,0,0,0,0,0,0,0,0,0,0,0,0,0,0,0,0,0,0,0,0,0,0,0,0,0,0,0,0,3.92,0.12557000000000001,-9.8047e-05,3.79e-08,0,0.0,92.759
117,31_butene,C=C(F)C(F)(F)C(F)(F)F,Unk,31_butene.png,1,2,6,0,0,2,1,10,0,1,0,2,5,1,1,1,2,2,0,1,0,0,6,0,3,2,0,0,19,0,0,0,0,0,0,0,0,0,0,0,0,0,0,0,0,0,0,0,0,0,0,0,0,1,2,0,0,0,0,0,0,0,0,0,0,0,0,0,0,0,0,0,2,0,0,0,0,0,0,0,0,0,0,0,0,0,0,0,0,0,0,4.1921,0.13202,-0.00012382,5.5200000000000005e-08,0,0.0,95.365
118,cbutane_diradical,F[C](F)C(F)(F)C(F)(F)[C](F)F,Unk,cbutane_diradical.png,3,0,8,0,0,0,0,11,0,0,0,4,8,0,3,0,0,0,0,0,0,8,12,0,0,0,0,1,21,0,0,0,0,0,0,0,0,0,0,0,0,0,0,0,0,0,0,0,0,0,0,0,0,0,0,0,0,0,0,0,0,0,0,0,0,0,0,0,0,0,0,0,0,0,0,0,0,0,0,0,0,0,0,0,0,0,0,0,0,0,0,9.9754,0.13412000000000002,-0.00013135,5.94e-08,0,-296.79,107.9
119,pfhpal,O=C(F)C(F)(F)C(F)(F)C(F)(F)C(F)(F)C(F)(F)C(F)(F)F,PFAL,pfhpal.png,5,1,14,1,0,0,1,20,1,1,0,6,13,1,5,0,0,0,0,0,0,17,22,1,2,0,0,3,51,0,0,0,0,1,0,2,0,0,0,0,0,0,0,0,0,0,0,0,0,0,0,0,0,1,2,0,0,0,0,0,0,0,0,0,0,0,0,0,0,0,0,0,0,0,0,0,0,0,0,0,0,0,0,0,0,0,0,0,0,0,0,14.026,0.26416,-0.00026033,1.1900000000000001e-07,0,-723.56,151.43
120,cf2_h2o_ts_prod,OC(F)F,Unk,cf2_h2o_ts_prod.png,1,0,2,0,1,2,0,5,0,0,1,1,2,0,0,0,0,0,0,0,0,0,0,0,0,0,0,0,3,0,0,0,0,0,0,0,0,0,1,0,0,0,0,0,0,0,1,0,0,0,0,0,0,0,0,0,0,0,0,0,0,0,0,0,0,2,0,0,0,0,0,1,0,0,0,0,0,0,0,0,0,0,0,0,0,0,0,0,0,0,0,2.7417,0.048881,-3.95e-05,1.58e-08,0,-159.19,65.583
121,c4f7_o,O=C(F)[C](F)C(F)(F)C(F)(F)F,Unk,c4f7_o.png,2,1,7,1,0,0,1,10,1,1,0,3,6,1,2,0,0,0,0,0,0,4,8,1,2,0,0,0,19,0,0,0,0,1,0,1,0,0,0,0,0,0,0,0,0,0,0,0,0,0,0,0,0,1,1,0,0,0,0,0,0,0,0,0,0,0,0,0,0,0,0,0,0,0,0,0,0,0,0,0,0,0,0,0,0,0,0,0,0,0,0,8.9241,0.13439,-0.00013079,5.91e-08,0,-300.33,106.98
122,cf2coho,O=C(O)[C](F)F,Unk,cf2coho.png,1,1,2,2,0,1,0,5,1,1,0,1,2,1,0,0,0,0,0,0,0,0,0,0,0,0,0,0,6,0,1,1,0,0,2,2,1,1,0,0,0,0,0,0,0,0,0,0,0,0,0,0,0,0,0,0,0,0,0,0,0,0,0,0,0,0,0,0,0,0,0,0,0,0,0,0,0,0,0,0,0,0,0,0,0,0,0,0,0,0,0,6.6578,0.060925999999999994,-5.5299999999999996e-05,2.42e-08,0,-269.0,78.453
123,c3f8,FC(F)(F)C(F)(F)C(F)(F)F,Unk,c3f8.png,0,0,8,0,0,0,0,10,0,0,0,3,8,0,2,0,0,0,0,0,0,6,12,0,0,0,0,0,18,0,0,0,0,0,0,0,0,0,0,0,0,0,0,0,0,0,0,0,0,0,0,0,0,0,0,0,0,0,0,0,0,0,0,0,0,0,0,0,0,0,0,0,0,0,0,0,0,0,0,0,0,0,0,0,0,0,0,0,0,0,0,1.9759000000000002,0.054518,-1.01e-05,-6.9000000000000006e-09,0,-418.32,64.110605
124,pfpncof,O=C(F)C(F)(F)C(F)(F)C(F)(F)C(F)(F)F,PFAL,pfpncof.png,3,1,10,1,0,0,1,14,1,1,0,4,9,1,3,0,0,0,0,0,0,9,14,1,2,0,0,1,33,0,0,0,0,1,0,2,0,0,0,0,0,0,0,0,0,0,0,0,0,0,0,0,0,1,2,0,0,0,0,0,0,0,0,0,0,0,0,0,0,0,0,0,0,0,0,0,0,0,0,0,0,0,0,0,0,0,0,0,0,0,0,10.495,0.18766000000000002,-0.00018422,8.37e-08,0,0.0,123.37
125,tfcof_oh,[O]C(O)(F)C(F)(F)F,Unk,tfcof_oh.png,1,0,4,0,2,1,0,8,0,0,1,2,4,0,1,0,0,0,0,0,0,0,3,0,0,0,0,0,12,0,0,0,0,0,0,0,0,0,2,0,6,0,0,0,0,0,0,0,0,0,0,0,0,0,0,0,0,0,0,0,0,0,0,0,1,1,0,0,0,0,0,0,0,0,0,0,0,0,0,0,0,0,0,1,0,0,0,0,0,0,0,4.6524,0.10215,-0.0001018,4.72e-08,0,0.0,85.745
126,1_octane_c7_rad,F[C](F)C(F)(F)C(F)(F)C(F)(F)C(F)(F)C(F)(F)C(F)(F)F,Unk,1_octane_c7_rad.png,5,0,15,0,0,0,0,21,0,0,0,7,15,0,6,0,0,0,0,0,0,21,26,0,0,0,0,4,51,0,0,0,0,0,0,0,0,0,0,0,0,0,0,0,0,0,0,0,0,0,0,0,0,0,0,0,0,0,0,0,0,0,0,0,0,0,0,0,0,0,0,0,0,0,0,0,0,0,0,0,0,0,0,0,0,0,0,0,0,0,0,16.979,0.25448000000000004,-0.00024654,1.1e-07,0,-702.8,152.659706
127,2_propyl,F[C](C(F)(F)F)C(F)(F)F,Unk,2_propyl.png,0,0,7,0,0,0,0,9,0,0,0,3,7,0,2,0,0,0,0,0,0,6,6,0,0,0,0,0,12,0,0,0,0,0,0,0,0,0,0,0,0,0,0,0,0,0,0,0,0,0,0,0,0,0,0,0,0,0,0,0,0,0,0,0,0,0,0,0,0,0,0,0,0,0,0,0,0,0,0,0,0,0,0,0,0,0,0,0,0,0,0,7.8084,0.11084000000000001,-0.00010769000000000001,4.83e-08,0,-318.55,99.051
128,cf2o2_rad,[O]O[C](F)F,Unk,cf2o2_rad.png,1,0,2,0,2,0,0,4,0,0,0,1,2,0,0,0,0,0,0,0,0,0,0,0,0,0,0,0,2,0,0,0,0,0,0,0,0,0,1,0,0,0,0,0,0,0,0,0,0,0,0,0,0,0,0,0,0,0,0,0,0,0,0,0,0,0,0,0,0,0,0,0,0,0,0,1,0,2,0,0,0,0,0,0,0,0,0,0,0,0,0,5.1022,0.046575,-4.4999999999999996e-05,2.03e-08,0,-41.1,69.181
129,ethane1H,FC(F)C(F)(F)F,Unk,ethane1H.png,0,0,5,0,0,1,0,7,0,0,0,2,5,0,1,0,0,0,0,0,0,0,6,0,0,0,0,0,9,0,0,0,0,0,0,0,0,0,0,0,0,0,0,0,0,0,1,3,0,0,0,0,0,0,0,0,0,0,0,0,0,0,0,0,0,0,0,0,0,0,0,0,0,0,0,0,0,0,0,0,0,0,0,0,0,0,0,0,0,0,0,4.1197,0.08040599999999999,-7.219999999999999e-05,3.0700000000000004e-08,0,-263.33,79.748
130,octene,FC(F)=C(F)C(F)(F)C(F)(F)C(F)(F)C(F)(F)C(F)(F)C(F)(F)F,Unk,octene.png,5,2,16,0,0,0,3,22,0,1,0,6,13,1,5,1,0,2,0,1,0,17,22,1,2,0,0,3,55,0,0,0,0,0,0,0,0,0,0,0,0,0,0,0,0,0,0,0,0,0,0,0,0,1,2,0,0,0,0,0,0,0,0,0,0,0,0,2,0,2,0,0,0,0,0,0,0,0,0,0,0,0,0,0,0,0,0,0,0,0,0,15.173,0.28984000000000004,-0.00028597000000000003,1.3e-07,0,-763.52,161.73
131,ester_oh,[O]C(O)(OC(F)(F)C(F)(F)C(F)(F)F)C(F)(F)F,Unk,ester_oh.png,4,0,10,0,3,1,0,18,0,0,1,5,10,0,3,0,0,0,0,0,0,5,10,0,0,0,0,0,36,0,0,0,0,0,0,0,0,0,4,1,11,2,2,0,0,0,0,0,0,0,0,0,0,0,0,0,0,0,0,0,0,0,0,0,1,0,0,0,0,0,0,0,0,0,0,0,0,0,0,0,0,0,0,2,0,0,2,0,0,0,0,9.5262,0.23254000000000002,-0.00023163,1.07e-07,0,0.0,136.34
132,c2f4o2,[O]OC(F)(F)[C](F)F,Unk,c2f4o2.png,2,0,4,0,2,0,0,7,0,0,0,2,4,0,1,0,0,0,0,0,0,0,4,0,0,0,0,0,9,0,0,0,0,0,0,0,0,0,1,0,2,0,0,0,0,0,0,0,0,0,0,0,0,0,0,0,0,0,0,0,0,0,0,0,0,0,0,0,0,0,0,0,0,0,0,1,1,2,0,0,0,0,0,0,0,0,0,0,0,0,0,7.0756,0.08587199999999999,-8.46e-05,3.85e-08,0,-145.69,88.684
133,frd_903_carbF,O=C(F)[C@](F)(OC(F)(F)C(F)(F)C(F)(F)F)C(F)(F)F,Unk,frd_903_carbF.png,4,1,12,1,1,0,1,18,1,1,0,5,11,1,3,0,0,0,0,0,0,5,13,0,3,0,0,0,39,0,0,0,0,1,0,1,0,0,2,1,5,2,3,1,1,0,0,0,0,0,0,0,0,1,1,0,0,0,0,0,0,0,0,0,0,0,0,0,0,0,0,0,0,0,0,0,0,0,0,0,0,0,0,0,0,0,0,1,0,0,0,11.577,0.2409,-0.00023634,1.07e-07,0,0.0,144.76
134,2_heptene,F/C(=C(/F)C(F)(F)C(F)(F)C(F)(F)C(F)(F)F)C(F)(F)F,Unk,2_heptene.png,3,2,14,0,0,0,2,19,0,1,0,5,12,2,3,1,0,5,0,1,0,9,14,1,2,0,0,1,43,0,0,0,0,0,0,0,0,0,0,0,0,0,0,0,0,0,0,0,0,0,0,0,0,1,5,0,0,0,0,0,0,0,0,0,0,0,0,2,1,1,0,0,0,0,0,0,0,0,0,0,0,0,0,0,0,0,0,0,0,0,0,12.666,0.2538,-0.00025026,1.14e-07,0,-673.36,149.61
135,e1,F[C@@H](OC(F)(F)C(F)(F)C(F)(F)F)C(F)(F)F,Unk,e1.png,3,0,11,0,1,1,0,17,0,0,0,5,11,0,3,0,0,0,0,0,0,5,13,0,0,0,0,0,33,0,0,0,0,0,0,0,0,0,2,1,5,2,3,0,0,0,1,3,0,0,0,0,0,0,0,0,0,0,0,0,0,0,0,0,0,0,0,0,0,0,0,0,0,0,0,0,0,0,0,0,0,0,0,0,0,0,0,0,1,0,0,8.5402,0.21078000000000002,-0.00020132,8.97e-08,0,0.0,130.72
136,cf3co,O=[C]C(F)(F)F,Unk,cf3co.png,0,1,3,1,0,0,0,4,1,1,0,1,3,1,0,0,0,0,0,0,0,0,0,0,0,0,0,0,3,0,0,0,0,0,0,3,0,0,0,0,0,0,0,0,0,0,0,0,0,0,0,0,0,0,0,0,0,0,0,0,0,0,0,0,0,0,0,0,0,0,0,0,0,0,0,0,0,0,0,0,0,0,0,0,0,0,0,0,0,0,0,5.8249,0.059384,-5.8399999999999997e-05,2.6800000000000002e-08,0,-147.16,77.255
137,butylallyl,F[C](C(F)=C(F)F)C(F)(F)F,Unk,butylallyl.png,1,2,7,0,0,0,3,9,0,1,0,2,4,1,1,1,0,1,0,1,0,0,3,0,3,0,0,0,14,0,0,0,0,0,0,0,0,0,0,0,0,0,0,0,0,0,0,0,0,0,0,0,0,1,1,0,0,0,0,0,0,0,0,0,0,0,0,2,0,2,0,0,0,0,0,0,0,0,0,0,0,0,0,0,0,0,0,0,0,0,0,9.4988,0.11984000000000002,-0.00011699,5.3000000000000005e-08,0,-274.97,106.35
138,heptane1H,FC(F)C(F)(F)C(F)(F)C(F)(F)C(F)(F)C(F)(F)C(F)(F)F,Unk,heptane1H.png,5,0,15,0,0,1,0,22,0,0,0,7,15,0,6,0,0,0,0,0,0,21,26,0,0,0,0,4,54,0,0,0,0,0,0,0,0,0,0,0,0,0,0,0,0,0,1,2,1,0,0,0,0,0,0,0,0,0,0,0,0,0,0,0,0,0,0,0,0,0,0,0,0,0,0,0,0,0,0,0,0,0,0,0,0,0,0,0,0,0,0,12.771,0.27204,-0.00026288,1.1800000000000001e-07,0,-751.79,150.76
139,cf2oh2,OC(O)(F)F,Unk,cf2oh2.png,2,0,2,0,2,2,0,6,0,0,2,1,2,0,0,0,0,0,0,0,0,0,0,0,0,0,0,0,6,0,0,0,0,0,0,0,0,0,2,0,0,0,0,0,0,0,0,0,0,0,0,0,0,0,0,0,0,0,0,0,0,0,0,0,0,4,0,0,0,0,0,0,0,0,0,0,0,0,0,0,0,0,0,2,0,0,0,0,0,0,0,2.7915,0.070727,-6.84e-05,3.16e-08,0,-217.61,70.838
140,cf2_2h2o_prod,O.OC(F)F,Unk,cf2_2h2o_prod.png,1,0,2,0,2,4,0,7,0,0,3,1,2,0,0,0,0,0,0,0,0,0,0,0,0,0,0,0,3,0,0,0,0,0,0,0,0,0,1,0,0,0,0,0,0,0,1,0,0,0,0,0,0,0,0,0,0,0,0,0,0,0,0,0,0,2,0,0,0,0,0,1,0,0,0,0,0,0,0,0,0,0,0,0,0,0,0,0,0,0,0,14.805,0.024926999999999998,-2.07e-05,9.1e-09,0,-238.46,81.788
141,c2f6,FC(F)(F)C(F)(F)F,Unk,c2f6.png,0,0,6,0,0,0,0,7,0,0,0,2,6,0,1,0,0,0,0,0,0,0,9,0,0,0,0,0,9,0,0,0,0,0,0,0,0,0,0,0,0,0,0,0,0,0,0,0,0,0,0,0,0,0,0,0,0,0,0,0,0,0,0,0,0,0,0,0,0,0,0,0,0,0,0,0,0,0,0,0,0,0,0,0,0,0,0,0,0,0,0,4.4745,0.09268599999999999,-9.19e-05,4.2000000000000006e-08,0,-320.02,79.457408
142,tfal,O=C(F)C(F)(F)F,PFAL,tfal.png,0,1,4,1,0,0,1,5,1,1,0,1,3,1,0,0,0,0,0,0,0,0,0,0,0,0,0,0,6,0,0,0,0,0,0,3,0,0,0,0,0,0,0,0,0,0,0,0,0,0,0,0,0,0,3,0,0,0,0,0,0,0,0,0,0,0,0,0,0,0,0,0,0,0,0,0,0,0,0,0,0,0,0,0,0,0,0,0,0,0,0,5.1988,0.073197,-7.049999999999999e-05,3.17e-08,0,-248.11,79.943
143,c7f15oh,OC(F)(F)C(F)(F)C(F)(F)C(F)(F)C(F)(F)C(F)(F)C(F)(F)F,PFOH,c7f15oh.png,6,0,15,0,1,1,0,23,0,0,1,7,15,0,6,0,0,0,0,0,0,21,26,0,0,0,0,4,57,0,0,0,0,0,0,0,0,0,1,1,2,0,0,0,0,0,0,0,0,0,0,0,0,0,0,0,0,0,0,0,0,0,0,0,1,2,0,0,0,0,0,0,0,0,0,0,0,0,0,0,0,0,0,0,0,0,0,0,0,0,0,13.438,0.29164,-0.0002889,1.3200000000000002e-07,0,-803.55,155.44
144,propane1H,FC(F)C(F)(F)C(F)(F)F,Unk,propane1H.png,1,0,7,0,0,1,0,10,0,0,0,3,7,0,2,0,0,0,0,0,0,5,10,0,0,0,0,0,18,0,0,0,0,0,0,0,0,0,0,0,0,0,0,0,0,0,1,2,1,0,0,0,0,0,0,0,0,0,0,0,0,0,0,0,0,0,0,0,0,0,0,0,0,0,0,0,0,0,0,0,0,0,0,0,0,0,0,0,0,0,0,5.9291,0.11846000000000001,-0.00011,4.81e-08,0,-361.38,95.555
145,2_butene,F/C(=C(/F)C(F)(F)F)C(F)(F)F,Unk,2_butene.png,0,2,8,0,0,0,2,10,0,1,0,2,6,2,0,1,0,6,0,0,0,0,0,0,0,0,0,0,16,0,0,0,0,0,0,0,0,0,0,0,0,0,0,0,0,0,0,0,0,0,0,0,0,0,6,0,0,0,0,0,0,0,0,0,0,0,0,2,1,1,0,0,0,0,0,0,0,0,0,0,0,0,0,0,0,0,0,0,0,0,0,7.1603,0.14015000000000002,-0.00013764,6.26e-08,0,-379.88,106.06
146,pentene,FC(F)=C(F)C(F)(F)C(F)(F)C(F)(F)F,Unk,pentene.png,2,2,10,0,0,0,3,13,0,1,0,3,7,1,2,1,0,2,0,1,0,5,10,1,2,0,0,0,28,0,0,0,0,0,0,0,0,0,0,0,0,0,0,0,0,0,0,0,0,0,0,0,0,1,2,0,0,0,0,0,0,0,0,0,0,0,0,2,0,2,0,0,0,0,0,0,0,0,0,0,0,0,0,0,0,0,0,0,0,0,0,10.062,0.17448000000000002,-0.00017105,7.77e-08,0,-470.07,119.44
147,pfhxal,O=C(F)C(F)(F)C(F)(F)C(F)(F)C(F)(F)C(F)(F)F,PFAL,pfhxal.png,4,1,12,1,0,0,1,17,1,1,0,5,11,1,4,0,0,0,0,0,0,13,18,1,2,0,0,2,42,0,0,0,0,1,0,2,0,0,0,0,0,0,0,0,0,0,0,0,0,0,0,0,0,1,2,0,0,0,0,0,0,0,0,0,0,0,0,0,0,0,0,0,0,0,0,0,0,0,0,0,0,0,0,0,0,0,0,0,0,0,0,12.294,0.22583000000000003,-0.00022218000000000002,1.01e-07,0,-625.09,137.47
148,cf2oh,O[C](F)F,Unk,cf2oh.png,1,0,2,0,1,1,0,4,0,0,1,1,2,0,0,0,0,0,0,0,0,0,0,0,0,0,0,0,2,0,0,0,0,0,0,0,0,0,1,0,0,0,0,0,0,0,0,0,0,0,0,0,0,0,0,0,0,0,0,0,0,0,0,0,0,2,0,0,0,0,0,0,0,0,0,0,0,0,0,0,0,0,0,0,0,0,0,0,0,0,0,3.997,0.043747999999999995,-4.0799999999999996e-05,1.81e-08,0,-109.79,13.856
149,octane1H,FC(F)C(F)(F)C(F)(F)C(F)(F)C(F)(F)C(F)(F)C(F)(F)C(F)(F)F,Unk,octane1H.png,6,0,17,0,0,1,0,25,0,0,0,8,17,0,7,0,0,0,0,0,0,25,30,0,0,0,0,5,63,0,0,0,0,0,0,0,0,0,0,0,0,0,0,0,0,0,1,2,1,0,0,0,0,0,0,0,0,0,0,0,0,0,0,0,0,0,0,0,0,0,0,0,0,0,0,0,0,0,0,0,0,0,0,0,0,0,0,0,0,0,0,14.24,0.3113,-0.00030219000000000003,1.36e-07,0,-958.27,164.19
150,allene,FC(F)=C=C(F)F,Unk,allene.png,0,2,4,0,0,0,4,4,0,2,0,0,0,0,0,0,0,0,0,0,0,0,0,0,0,0,0,0,4,0,0,0,0,0,0,0,0,0,0,0,0,0,0,0,0,0,0,0,0,0,0,0,0,0,0,0,0,0,0,0,0,0,0,0,0,0,0,0,0,0,0,0,0,1,0,0,0,0,0,0,0,0,0,0,0,0,0,0,0,2,4,6.1059,0.069647,-6.67e-05,3.0000000000000004e-08,0,-119.08,81.873
